Food_ID,Food_Name,Quantity,Expiry_Date,Provider_ID,Provider_Type,Location,Food_Type,Meal_Type
1,Bread,43,17-03-25,110,Grocery Store,South Kellyville,Non-Vegetarian,Breakfast
2,Soup,22,24-03-25,791,Grocery Store,West James,Non-Vegetarian,Dinner
3,Fruits,46,28-03-25,478,Catering Service,Lake Regina,Vegan,Breakfast
4,Fruits,15,16-03-25,930,Restaurant,Kellytown,Vegan,Lunch
5,Soup,14,19-03-25,279,Restaurant,Garciaport,Vegan,Dinner
6,Vegetables,4,24-03-25,378,Supermarket,South Johnshire,Vegan,Snacks
7,Dairy,29,25-03-25,268,Grocery Store,Nolanmouth,Vegan,Dinner
8,Rice,49,28-03-25,343,Catering Service,South Christopherborough,Vegetarian,Lunch
9,Bread,46,25-03-25,47,Supermarket,East Andrewland,Non-Vegetarian,Snacks
10,Rice,41,20-03-25,528,Supermarket,Markport,Vegan,Dinner
11,Pasta,39,17-03-25,96,Grocery Store,Deborahland,Vegan,Breakfast
12,Pasta,15,28-03-25,899,Catering Service,North Steven,Vegetarian,Lunch
13,Fruits,33,22-03-25,115,Grocery Store,Floresville,Vegetarian,Snacks
14,Bread,19,30-03-25,621,Supermarket,Sarahland,Vegetarian,Dinner
15,Salad,3,22-03-25,74,Catering Service,Belindaville,Vegetarian,Breakfast
16,Dairy,6,26-03-25,862,Grocery Store,East Tammy,Vegan,Snacks
17,Chicken,42,22-03-25,417,Restaurant,East Ashleyshire,Non-Vegetarian,Snacks
18,Soup,28,27-03-25,455,Catering Service,Madisonfort,Vegan,Snacks
19,Rice,13,30-03-25,419,Supermarket,Port Peter,Vegan,Breakfast
20,Pasta,41,17-03-25,306,Catering Service,North Keith,Non-Vegetarian,Snacks
21,Rice,38,26-03-25,277,Catering Service,West Aliciabury,Vegan,Dinner
22,Chicken,46,21-03-25,892,Grocery Store,Russellfurt,Vegan,Snacks
23,Salad,43,26-03-25,1,Supermarket,New Jessica,Vegan,Dinner
24,Bread,20,30-03-25,897,Catering Service,Villastad,Non-Vegetarian,Lunch
25,Rice,48,22-03-25,898,Restaurant,Medinatown,Vegan,Breakfast
26,Vegetables,34,27-03-25,95,Supermarket,Christinaland,Vegan,Dinner
27,Salad,12,23-03-25,262,Supermarket,New Carol,Vegan,Breakfast
28,Chicken,5,22-03-25,606,Grocery Store,North Nathan,Vegan,Dinner
29,Bread,18,19-03-25,196,Restaurant,Bartonborough,Vegan,Lunch
30,Soup,4,16-03-25,616,Restaurant,Clarkberg,Vegetarian,Dinner
31,Bread,42,22-03-25,535,Grocery Store,Valdezborough,Non-Vegetarian,Snacks
32,Rice,27,21-03-25,611,Supermarket,Port Kendraborough,Non-Vegetarian,Lunch
33,Salad,9,27-03-25,798,Grocery Store,North Amanda,Vegetarian,Breakfast
34,Bread,3,30-03-25,396,Catering Service,Heatherside,Vegan,Breakfast
35,Rice,6,23-03-25,108,Supermarket,East Austin,Vegan,Breakfast
36,Rice,35,20-03-25,1,Supermarket,New Jessica,Vegan,Breakfast
37,Fish,19,20-03-25,389,Grocery Store,Davidborough,Non-Vegetarian,Dinner
38,Bread,48,22-03-25,440,Grocery Store,Elliottberg,Vegetarian,Snacks
39,Bread,48,22-03-25,758,Catering Service,Port Patrick,Non-Vegetarian,Breakfast
40,Fruits,12,27-03-25,965,Restaurant,Port Bryce,Vegetarian,Breakfast
41,Chicken,14,27-03-25,450,Catering Service,Grahamside,Vegetarian,Dinner
42,Rice,50,16-03-25,179,Supermarket,North Michelle,Vegan,Lunch
43,Pasta,44,22-03-25,29,Grocery Store,Patrickmouth,Vegan,Lunch
44,Bread,39,22-03-25,290,Supermarket,Bradleyport,Vegan,Snacks
45,Fish,17,24-03-25,874,Catering Service,Priceland,Non-Vegetarian,Lunch
46,Pasta,25,28-03-25,576,Catering Service,East Emilyburgh,Vegetarian,Breakfast
47,Salad,3,17-03-25,420,Catering Service,Anthonyton,Vegan,Snacks
48,Rice,30,16-03-25,150,Grocery Store,North Jamesberg,Vegan,Breakfast
49,Fish,41,17-03-25,700,Supermarket,Morriston,Non-Vegetarian,Dinner
50,Salad,28,23-03-25,514,Supermarket,Maxwellburgh,Vegetarian,Dinner
51,Dairy,14,27-03-25,828,Catering Service,Torresshire,Vegetarian,Snacks
52,Vegetables,23,29-03-25,460,Grocery Store,Lake Justin,Non-Vegetarian,Snacks
53,Fruits,13,16-03-25,174,Grocery Store,North Carolfurt,Vegetarian,Lunch
54,Soup,15,17-03-25,368,Grocery Store,North Lindseychester,Non-Vegetarian,Snacks
55,Vegetables,19,17-03-25,967,Grocery Store,Coleburgh,Vegetarian,Breakfast
56,Vegetables,9,23-03-25,125,Supermarket,Lake April,Non-Vegetarian,Lunch
57,Chicken,23,17-03-25,977,Restaurant,South Jessicachester,Vegan,Dinner
58,Pasta,39,28-03-25,270,Catering Service,Cunninghambury,Vegan,Lunch
59,Vegetables,38,22-03-25,251,Restaurant,East Terrancemouth,Vegan,Snacks
60,Pasta,49,28-03-25,153,Restaurant,Hawkinsmouth,Non-Vegetarian,Breakfast
61,Fruits,33,22-03-25,243,Catering Service,West Catherine,Vegetarian,Lunch
62,Rice,21,21-03-25,520,Catering Service,Port Andre,Non-Vegetarian,Breakfast
63,Salad,6,20-03-25,335,Grocery Store,North Gary,Vegetarian,Dinner
64,Soup,41,26-03-25,678,Grocery Store,Lake Travis,Non-Vegetarian,Dinner
65,Fruits,45,26-03-25,602,Grocery Store,North Destiny,Non-Vegetarian,Breakfast
66,Fish,6,22-03-25,577,Catering Service,Lake Donna,Non-Vegetarian,Breakfast
67,Rice,50,24-03-25,455,Catering Service,Madisonfort,Vegan,Breakfast
68,Rice,15,25-03-25,113,Catering Service,East Elizabethberg,Vegetarian,Snacks
69,Bread,47,16-03-25,504,Catering Service,Gaineschester,Vegetarian,Snacks
70,Rice,7,16-03-25,313,Supermarket,Boylechester,Vegetarian,Lunch
71,Fish,45,19-03-25,750,Supermarket,Michaelton,Vegetarian,Lunch
72,Dairy,11,24-03-25,293,Catering Service,Joneshaven,Vegan,Dinner
73,Soup,48,19-03-25,485,Restaurant,East Andrea,Vegan,Breakfast
74,Chicken,12,29-03-25,387,Grocery Store,West Juliabury,Non-Vegetarian,Breakfast
75,Bread,35,24-03-25,389,Grocery Store,Davidborough,Vegetarian,Dinner
76,Pasta,40,16-03-25,905,Restaurant,North Kennethshire,Vegan,Lunch
77,Rice,4,19-03-25,890,Restaurant,Pereztown,Vegetarian,Lunch
78,Chicken,1,23-03-25,913,Grocery Store,Erikatown,Non-Vegetarian,Dinner
79,Rice,25,19-03-25,100,Catering Service,Mooreview,Vegan,Breakfast
80,Dairy,36,29-03-25,434,Restaurant,Nicoletown,Vegetarian,Breakfast
81,Fruits,33,18-03-25,848,Supermarket,Fowlerbury,Vegetarian,Snacks
82,Vegetables,26,23-03-25,631,Supermarket,North Kevinhaven,Non-Vegetarian,Snacks
83,Rice,44,28-03-25,312,Restaurant,North Ianbury,Vegetarian,Dinner
84,Rice,25,23-03-25,967,Grocery Store,Coleburgh,Vegan,Snacks
85,Pasta,28,16-03-25,554,Restaurant,Brandyberg,Vegan,Lunch
86,Soup,13,30-03-25,288,Supermarket,Maynardstad,Vegetarian,Dinner
87,Salad,37,28-03-25,34,Grocery Store,North Garybury,Vegan,Breakfast
88,Vegetables,22,21-03-25,491,Supermarket,Samanthabury,Non-Vegetarian,Dinner
89,Chicken,3,27-03-25,844,Grocery Store,Olsenstad,Vegan,Lunch
90,Bread,29,23-03-25,477,Supermarket,East Jacobchester,Vegan,Breakfast
91,Vegetables,9,22-03-25,275,Supermarket,Brittanyport,Vegetarian,Breakfast
92,Chicken,42,20-03-25,752,Grocery Store,East Heatherport,Vegetarian,Breakfast
93,Salad,49,20-03-25,264,Catering Service,New Richard,Vegetarian,Lunch
94,Rice,35,16-03-25,722,Restaurant,Linchester,Vegetarian,Lunch
95,Pasta,19,24-03-25,120,Restaurant,New Lisa,Vegan,Snacks
96,Dairy,5,25-03-25,656,Restaurant,South Tiffanyfort,Non-Vegetarian,Breakfast
97,Rice,44,21-03-25,346,Grocery Store,Thomasville,Vegetarian,Dinner
98,Salad,26,29-03-25,632,Supermarket,Davidville,Vegetarian,Breakfast
99,Bread,8,28-03-25,162,Restaurant,Penabury,Non-Vegetarian,Dinner
100,Vegetables,22,18-03-25,647,Restaurant,West Kara,Vegan,Breakfast
101,Dairy,35,23-03-25,538,Restaurant,Jasonmouth,Non-Vegetarian,Dinner
102,Rice,35,19-03-25,584,Supermarket,Moralesside,Vegetarian,Snacks
103,Bread,35,30-03-25,391,Supermarket,South Jerryside,Non-Vegetarian,Snacks
104,Dairy,3,29-03-25,468,Supermarket,East Johnburgh,Non-Vegetarian,Dinner
105,Rice,2,24-03-25,698,Grocery Store,Phillipsmouth,Non-Vegetarian,Breakfast
106,Rice,31,19-03-25,253,Catering Service,Sharonton,Vegetarian,Breakfast
107,Salad,29,25-03-25,464,Catering Service,Port Jacob,Vegetarian,Breakfast
108,Fruits,22,25-03-25,835,Catering Service,Thorntonbury,Non-Vegetarian,Snacks
109,Fruits,7,24-03-25,998,Grocery Store,Joshuastad,Vegan,Dinner
110,Salad,49,17-03-25,354,Catering Service,South Alicia,Vegan,Dinner
111,Soup,13,17-03-25,904,Grocery Store,West Miaside,Vegetarian,Snacks
112,Chicken,32,25-03-25,308,Catering Service,Brittanyside,Vegetarian,Lunch
113,Soup,14,16-03-25,623,Supermarket,Latoyaberg,Vegetarian,Breakfast
114,Vegetables,28,27-03-25,906,Supermarket,West Kevin,Vegan,Breakfast
115,Pasta,8,26-03-25,963,Supermarket,East Bernard,Vegan,Lunch
116,Soup,32,23-03-25,570,Supermarket,Lake Vanessa,Vegetarian,Lunch
117,Soup,32,21-03-25,530,Catering Service,Johnstonhaven,Non-Vegetarian,Snacks
118,Dairy,42,28-03-25,863,Restaurant,Port Michael,Vegan,Lunch
119,Bread,49,28-03-25,135,Catering Service,East Candace,Non-Vegetarian,Breakfast
120,Rice,30,18-03-25,785,Catering Service,Lindseybury,Vegan,Lunch
121,Vegetables,16,30-03-25,314,Restaurant,Rodriguezfurt,Non-Vegetarian,Dinner
122,Fruits,7,20-03-25,846,Supermarket,South Thomasville,Vegan,Snacks
123,Soup,11,25-03-25,148,Grocery Store,Annahaven,Vegetarian,Lunch
124,Salad,50,19-03-25,909,Restaurant,Sheilaburgh,Vegetarian,Snacks
125,Rice,21,17-03-25,982,Grocery Store,Westbury,Vegan,Dinner
126,Dairy,27,18-03-25,54,Supermarket,Lake Rachael,Vegan,Lunch
127,Rice,48,30-03-25,763,Restaurant,Josephburgh,Vegan,Snacks
128,Rice,39,22-03-25,235,Catering Service,Gutierrezshire,Vegetarian,Snacks
129,Chicken,26,21-03-25,798,Grocery Store,North Amanda,Vegan,Dinner
130,Vegetables,47,29-03-25,997,Catering Service,East Rossside,Vegan,Breakfast
131,Fish,16,18-03-25,241,Catering Service,Devinmouth,Vegan,Dinner
132,Soup,20,19-03-25,840,Restaurant,Cisnerostown,Non-Vegetarian,Snacks
133,Rice,28,19-03-25,795,Catering Service,Brownberg,Vegan,Lunch
134,Rice,1,16-03-25,39,Supermarket,Brittanyville,Vegan,Dinner
135,Rice,44,23-03-25,980,Restaurant,Port Melissa,Vegan,Lunch
136,Bread,29,17-03-25,723,Supermarket,Jessicaland,Vegan,Dinner
137,Pasta,29,19-03-25,87,Grocery Store,West Adam,Vegetarian,Snacks
138,Soup,24,18-03-25,558,Catering Service,North Sharonberg,Non-Vegetarian,Snacks
139,Rice,3,20-03-25,446,Catering Service,Port Richardshire,Vegetarian,Dinner
140,Chicken,18,16-03-25,967,Grocery Store,Coleburgh,Vegan,Dinner
141,Dairy,33,29-03-25,702,Supermarket,Lake Mistyton,Non-Vegetarian,Lunch
142,Soup,41,29-03-25,368,Grocery Store,North Lindseychester,Vegetarian,Snacks
143,Fish,18,24-03-25,938,Restaurant,Hollyhaven,Non-Vegetarian,Lunch
144,Bread,18,18-03-25,810,Catering Service,Lake Jason,Vegan,Lunch
145,Rice,12,29-03-25,751,Restaurant,East Richardside,Vegan,Lunch
146,Chicken,17,25-03-25,172,Grocery Store,Garciaside,Vegan,Lunch
147,Vegetables,47,30-03-25,619,Grocery Store,North Katelynland,Non-Vegetarian,Breakfast
148,Pasta,16,18-03-25,650,Restaurant,Garzaville,Non-Vegetarian,Breakfast
149,Fish,18,20-03-25,816,Supermarket,New Jamesburgh,Vegetarian,Breakfast
150,Fish,50,28-03-25,332,Restaurant,West Whitneymouth,Vegan,Snacks
151,Chicken,19,23-03-25,902,Supermarket,Port Robertport,Vegetarian,Dinner
152,Fish,46,24-03-25,58,Grocery Store,North Kevinhaven,Non-Vegetarian,Dinner
153,Fish,20,21-03-25,737,Restaurant,Port Andrea,Vegetarian,Breakfast
154,Pasta,46,30-03-25,4,Grocery Store,Mendezmouth,Vegan,Breakfast
155,Fruits,20,20-03-25,602,Grocery Store,North Destiny,Vegan,Dinner
156,Fish,24,19-03-25,970,Catering Service,Jeffreybury,Vegetarian,Snacks
157,Chicken,37,20-03-25,600,Catering Service,Meganshire,Vegan,Breakfast
158,Bread,22,30-03-25,687,Catering Service,North James,Vegetarian,Breakfast
159,Pasta,7,27-03-25,653,Catering Service,Cameronside,Vegan,Lunch
160,Rice,27,23-03-25,367,Grocery Store,Deckermouth,Vegetarian,Snacks
161,Vegetables,32,20-03-25,414,Supermarket,New Matthew,Non-Vegetarian,Breakfast
162,Pasta,50,21-03-25,826,Supermarket,Lake Karenfurt,Non-Vegetarian,Breakfast
163,Bread,45,16-03-25,251,Restaurant,East Terrancemouth,Vegetarian,Dinner
164,Dairy,22,27-03-25,432,Restaurant,Carolchester,Vegan,Dinner
165,Bread,22,28-03-25,90,Supermarket,Lake Kristentown,Vegetarian,Lunch
166,Soup,9,17-03-25,58,Grocery Store,North Kevinhaven,Vegan,Lunch
167,Fish,4,20-03-25,134,Supermarket,West Melissa,Vegetarian,Lunch
168,Salad,26,20-03-25,306,Catering Service,North Keith,Non-Vegetarian,Lunch
169,Fruits,18,20-03-25,336,Supermarket,East Sandra,Vegan,Snacks
170,Fruits,49,17-03-25,403,Grocery Store,Jeremiahfort,Vegan,Breakfast
171,Salad,25,22-03-25,103,Catering Service,Port Michaelshire,Vegetarian,Snacks
172,Rice,45,28-03-25,826,Supermarket,Lake Karenfurt,Non-Vegetarian,Breakfast
173,Soup,17,19-03-25,538,Restaurant,Jasonmouth,Vegan,Dinner
174,Chicken,23,22-03-25,903,Catering Service,Lake Kari,Vegan,Breakfast
175,Dairy,26,30-03-25,465,Restaurant,Johnton,Vegetarian,Breakfast
176,Fish,19,30-03-25,316,Supermarket,Williamsfort,Non-Vegetarian,Snacks
177,Dairy,22,22-03-25,863,Restaurant,Port Michael,Vegan,Breakfast
178,Dairy,47,21-03-25,847,Supermarket,Williamsonmouth,Vegan,Breakfast
179,Bread,11,27-03-25,601,Catering Service,Port Troychester,Vegetarian,Breakfast
180,Salad,35,28-03-25,7,Restaurant,Lake Christopherburgh,Vegan,Dinner
181,Rice,35,16-03-25,47,Supermarket,East Andrewland,Non-Vegetarian,Lunch
182,Soup,29,18-03-25,247,Catering Service,Port Aaron,Vegan,Breakfast
183,Salad,15,30-03-25,730,Supermarket,Benjaminstad,Vegan,Snacks
184,Salad,7,29-03-25,182,Grocery Store,Port Jeffrey,Vegetarian,Dinner
185,Soup,19,27-03-25,498,Grocery Store,East Craig,Non-Vegetarian,Lunch
186,Pasta,48,17-03-25,306,Catering Service,North Keith,Vegetarian,Breakfast
187,Dairy,38,21-03-25,910,Restaurant,Leeburgh,Non-Vegetarian,Snacks
188,Soup,4,20-03-25,55,Grocery Store,Danachester,Vegan,Breakfast
189,Salad,7,20-03-25,948,Supermarket,West Lisamouth,Vegetarian,Breakfast
190,Salad,25,22-03-25,262,Supermarket,New Carol,Non-Vegetarian,Snacks
191,Salad,13,22-03-25,508,Restaurant,Walkerfurt,Vegan,Lunch
192,Vegetables,5,17-03-25,320,Supermarket,Lake Jeffreytown,Vegan,Snacks
193,Pasta,25,21-03-25,354,Catering Service,South Alicia,Vegan,Breakfast
194,Chicken,39,26-03-25,31,Grocery Store,South Kellyberg,Non-Vegetarian,Lunch
195,Vegetables,31,25-03-25,847,Supermarket,Williamsonmouth,Non-Vegetarian,Snacks
196,Fish,27,28-03-25,989,Grocery Store,North Lauren,Non-Vegetarian,Breakfast
197,Rice,21,24-03-25,453,Grocery Store,East Timothy,Vegetarian,Breakfast
198,Bread,50,23-03-25,287,Catering Service,Jefferyside,Vegetarian,Breakfast
199,Vegetables,16,17-03-25,244,Supermarket,Toddberg,Vegan,Breakfast
200,Bread,3,24-03-25,794,Supermarket,Woodport,Non-Vegetarian,Dinner
201,Soup,35,29-03-25,330,Restaurant,Jamesport,Vegetarian,Dinner
202,Dairy,17,18-03-25,319,Restaurant,Lake Amymouth,Vegetarian,Lunch
203,Pasta,8,24-03-25,215,Grocery Store,New Curtis,Vegetarian,Breakfast
204,Fish,11,26-03-25,896,Grocery Store,Weberfurt,Non-Vegetarian,Lunch
205,Dairy,13,20-03-25,22,Catering Service,Port Lisamouth,Vegan,Breakfast
206,Rice,28,29-03-25,931,Supermarket,South Allisonburgh,Non-Vegetarian,Breakfast
207,Salad,42,23-03-25,523,Restaurant,Lake Lorrainefort,Vegetarian,Dinner
208,Rice,27,26-03-25,215,Grocery Store,New Curtis,Vegetarian,Dinner
209,Fish,31,26-03-25,422,Catering Service,Smithfort,Non-Vegetarian,Dinner
210,Fruits,17,28-03-25,990,Catering Service,Lake Latasha,Vegetarian,Breakfast
211,Chicken,37,22-03-25,242,Restaurant,Michaelport,Vegetarian,Snacks
212,Salad,33,20-03-25,228,Supermarket,Andrewsmouth,Non-Vegetarian,Dinner
213,Fruits,20,26-03-25,122,Catering Service,Tyronebury,Non-Vegetarian,Snacks
214,Soup,9,28-03-25,24,Supermarket,Hestermouth,Vegan,Breakfast
215,Bread,50,30-03-25,315,Restaurant,Lake Andrewmouth,Vegetarian,Snacks
216,Vegetables,33,16-03-25,206,Catering Service,Port Emilyburgh,Vegetarian,Dinner
217,Soup,42,23-03-25,290,Supermarket,Bradleyport,Vegetarian,Lunch
218,Fish,38,24-03-25,159,Grocery Store,North Brooke,Vegan,Snacks
219,Fish,26,18-03-25,323,Restaurant,Jasmineberg,Vegetarian,Snacks
220,Pasta,18,24-03-25,976,Restaurant,Davisview,Vegan,Snacks
221,Bread,11,19-03-25,211,Restaurant,Lake James,Vegan,Snacks
222,Vegetables,23,20-03-25,333,Restaurant,Port Heidiland,Non-Vegetarian,Breakfast
223,Bread,38,17-03-25,524,Grocery Store,West Amandafurt,Vegan,Snacks
224,Fruits,29,19-03-25,556,Catering Service,Brittanyland,Non-Vegetarian,Snacks
225,Fish,26,24-03-25,340,Grocery Store,Murrayborough,Vegan,Dinner
226,Rice,26,22-03-25,242,Restaurant,Michaelport,Non-Vegetarian,Snacks
227,Vegetables,25,29-03-25,923,Supermarket,Jonestown,Non-Vegetarian,Breakfast
228,Rice,12,29-03-25,98,Supermarket,Gardnerfort,Vegetarian,Snacks
229,Pasta,26,22-03-25,210,Grocery Store,Paulmouth,Non-Vegetarian,Dinner
230,Fruits,17,16-03-25,596,Restaurant,Zimmermanville,Vegetarian,Breakfast
231,Rice,33,29-03-25,782,Supermarket,North Mary,Non-Vegetarian,Breakfast
232,Soup,19,28-03-25,610,Supermarket,Allenton,Vegan,Lunch
233,Fish,19,26-03-25,26,Grocery Store,West Adammouth,Non-Vegetarian,Snacks
234,Rice,10,16-03-25,888,Supermarket,West Sharonview,Vegetarian,Dinner
235,Dairy,38,21-03-25,170,Catering Service,North Brentbury,Vegan,Lunch
236,Soup,50,21-03-25,231,Supermarket,North Tom,Non-Vegetarian,Lunch
237,Salad,39,27-03-25,643,Supermarket,North Ebony,Vegan,Dinner
238,Vegetables,2,27-03-25,621,Supermarket,Sarahland,Vegetarian,Breakfast
239,Pasta,26,17-03-25,372,Restaurant,Lewisberg,Vegan,Dinner
240,Fruits,46,26-03-25,319,Restaurant,Lake Amymouth,Vegetarian,Lunch
241,Fish,4,23-03-25,135,Catering Service,East Candace,Vegetarian,Breakfast
242,Soup,17,21-03-25,655,Restaurant,Jimmyberg,Vegan,Dinner
243,Fruits,30,24-03-25,750,Supermarket,Michaelton,Non-Vegetarian,Snacks
244,Soup,17,26-03-25,46,Grocery Store,South Lisaberg,Non-Vegetarian,Snacks
245,Chicken,5,16-03-25,48,Restaurant,Timothyview,Vegetarian,Dinner
246,Salad,50,28-03-25,768,Restaurant,South Danielle,Non-Vegetarian,Snacks
247,Fish,17,30-03-25,47,Supermarket,East Andrewland,Non-Vegetarian,Lunch
248,Vegetables,32,21-03-25,960,Supermarket,Port Lance,Non-Vegetarian,Lunch
249,Salad,39,28-03-25,596,Restaurant,Zimmermanville,Vegan,Breakfast
250,Bread,8,16-03-25,316,Supermarket,Williamsfort,Vegan,Snacks
251,Dairy,12,24-03-25,241,Catering Service,Devinmouth,Non-Vegetarian,Lunch
252,Chicken,18,19-03-25,113,Catering Service,East Elizabethberg,Non-Vegetarian,Snacks
253,Rice,20,19-03-25,231,Supermarket,North Tom,Vegan,Snacks
254,Rice,30,24-03-25,703,Catering Service,Lake Jamestown,Non-Vegetarian,Lunch
255,Dairy,44,24-03-25,825,Supermarket,South Bryan,Non-Vegetarian,Lunch
256,Rice,33,28-03-25,384,Grocery Store,Jamesfurt,Non-Vegetarian,Dinner
257,Chicken,41,25-03-25,344,Catering Service,North Nicholas,Vegan,Snacks
258,Fish,24,21-03-25,101,Restaurant,East Angelafort,Vegetarian,Breakfast
259,Rice,44,27-03-25,815,Grocery Store,Ashleyhaven,Non-Vegetarian,Snacks
260,Fruits,50,29-03-25,723,Supermarket,Jessicaland,Vegetarian,Dinner
261,Pasta,15,21-03-25,112,Restaurant,East Courtneymouth,Non-Vegetarian,Lunch
262,Dairy,47,30-03-25,693,Restaurant,Raybury,Vegetarian,Breakfast
263,Salad,21,30-03-25,408,Supermarket,Riceshire,Vegetarian,Breakfast
264,Bread,49,24-03-25,484,Restaurant,North Douglasfurt,Vegetarian,Dinner
265,Fruits,32,26-03-25,862,Grocery Store,East Tammy,Non-Vegetarian,Breakfast
266,Soup,30,23-03-25,589,Restaurant,Morganhaven,Vegetarian,Lunch
267,Soup,6,30-03-25,107,Restaurant,West Lauraborough,Non-Vegetarian,Dinner
268,Fish,21,29-03-25,485,Restaurant,East Andrea,Non-Vegetarian,Breakfast
269,Soup,36,28-03-25,595,Grocery Store,Port Matthew,Non-Vegetarian,Snacks
270,Pasta,29,29-03-25,201,Catering Service,Sandrastad,Vegan,Lunch
271,Rice,22,17-03-25,254,Restaurant,Reidland,Vegan,Breakfast
272,Vegetables,30,25-03-25,151,Restaurant,Anthonyshire,Vegan,Dinner
273,Salad,32,16-03-25,446,Catering Service,Port Richardshire,Non-Vegetarian,Lunch
274,Salad,37,29-03-25,768,Restaurant,South Danielle,Vegan,Snacks
275,Fish,35,24-03-25,657,Supermarket,Davidland,Non-Vegetarian,Breakfast
276,Fruits,47,29-03-25,839,Grocery Store,Port Erin,Vegan,Breakfast
277,Pasta,30,22-03-25,244,Supermarket,Toddberg,Non-Vegetarian,Lunch
278,Soup,35,24-03-25,66,Restaurant,Lake Michaelfurt,Non-Vegetarian,Lunch
279,Chicken,3,25-03-25,326,Supermarket,Lake Alicia,Non-Vegetarian,Lunch
280,Pasta,44,27-03-25,393,Restaurant,Heatherview,Vegan,Dinner
281,Rice,28,23-03-25,356,Supermarket,West Michael,Non-Vegetarian,Breakfast
282,Fruits,27,25-03-25,640,Grocery Store,West Tinamouth,Non-Vegetarian,Lunch
283,Dairy,7,30-03-25,312,Restaurant,North Ianbury,Non-Vegetarian,Breakfast
284,Vegetables,36,27-03-25,161,Supermarket,Perezport,Vegetarian,Breakfast
285,Rice,44,19-03-25,353,Grocery Store,North Aaron,Vegetarian,Breakfast
286,Pasta,37,26-03-25,43,Supermarket,South Karen,Vegetarian,Snacks
287,Salad,20,17-03-25,882,Supermarket,Jenniferville,Vegan,Breakfast
288,Bread,48,22-03-25,703,Catering Service,Lake Jamestown,Vegetarian,Breakfast
289,Vegetables,31,17-03-25,237,Supermarket,Frederickside,Non-Vegetarian,Breakfast
290,Dairy,19,19-03-25,315,Restaurant,Lake Andrewmouth,Non-Vegetarian,Lunch
291,Salad,12,19-03-25,785,Catering Service,Lindseybury,Vegetarian,Breakfast
292,Chicken,16,17-03-25,906,Supermarket,West Kevin,Non-Vegetarian,Breakfast
293,Rice,32,27-03-25,276,Supermarket,Port Eric,Non-Vegetarian,Dinner
294,Bread,40,19-03-25,113,Catering Service,East Elizabethberg,Vegan,Dinner
295,Soup,39,17-03-25,344,Catering Service,North Nicholas,Non-Vegetarian,Dinner
296,Dairy,24,19-03-25,655,Restaurant,Jimmyberg,Vegan,Lunch
297,Pasta,46,19-03-25,409,Grocery Store,East Roberthaven,Non-Vegetarian,Breakfast
298,Chicken,2,22-03-25,883,Supermarket,New Jacob,Vegetarian,Lunch
299,Dairy,14,21-03-25,718,Restaurant,Port Victoria,Non-Vegetarian,Lunch
300,Pasta,16,17-03-25,459,Supermarket,Castilloport,Non-Vegetarian,Snacks
301,Rice,35,24-03-25,886,Restaurant,New Tiffanystad,Vegan,Breakfast
302,Bread,31,23-03-25,760,Supermarket,Yatesside,Vegan,Snacks
303,Fish,2,18-03-25,945,Grocery Store,Tamaraside,Vegan,Dinner
304,Fish,5,19-03-25,639,Supermarket,Richardsonhaven,Vegetarian,Dinner
305,Soup,14,30-03-25,38,Supermarket,Perkinsbury,Non-Vegetarian,Breakfast
306,Salad,27,22-03-25,284,Supermarket,North Julieburgh,Non-Vegetarian,Snacks
307,Chicken,20,20-03-25,384,Grocery Store,Jamesfurt,Non-Vegetarian,Breakfast
308,Soup,11,29-03-25,973,Supermarket,New Larry,Vegan,Snacks
309,Chicken,47,27-03-25,1000,Restaurant,Brendantown,Vegan,Snacks
310,Rice,13,20-03-25,528,Supermarket,Markport,Vegan,Dinner
311,Fish,3,18-03-25,740,Catering Service,Port Marissachester,Vegan,Dinner
312,Fruits,11,26-03-25,238,Grocery Store,North Julieburgh,Non-Vegetarian,Breakfast
313,Fruits,3,26-03-25,551,Restaurant,East Sandratown,Vegetarian,Snacks
314,Fish,27,23-03-25,387,Grocery Store,West Juliabury,Vegetarian,Lunch
315,Salad,47,18-03-25,761,Catering Service,New Zachary,Vegetarian,Dinner
316,Salad,4,28-03-25,494,Supermarket,New Denise,Vegetarian,Dinner
317,Dairy,22,21-03-25,866,Grocery Store,New Robertstad,Non-Vegetarian,Dinner
318,Pasta,48,25-03-25,946,Catering Service,Roystad,Vegan,Lunch
319,Chicken,47,30-03-25,63,Supermarket,Mcclainfurt,Vegetarian,Snacks
320,Vegetables,26,20-03-25,484,Restaurant,North Douglasfurt,Vegetarian,Lunch
321,Pasta,20,18-03-25,572,Supermarket,Lake Cathy,Non-Vegetarian,Lunch
322,Chicken,12,26-03-25,575,Catering Service,Johnport,Non-Vegetarian,Dinner
323,Dairy,31,27-03-25,4,Grocery Store,Mendezmouth,Vegan,Snacks
324,Soup,39,24-03-25,346,Grocery Store,Thomasville,Vegetarian,Snacks
325,Chicken,32,25-03-25,365,Restaurant,West Robert,Vegan,Dinner
326,Soup,25,29-03-25,407,Restaurant,North Charlesside,Vegan,Dinner
327,Dairy,24,22-03-25,834,Supermarket,Harrishaven,Vegetarian,Breakfast
328,Chicken,36,19-03-25,876,Grocery Store,Brookeland,Vegetarian,Snacks
329,Rice,42,17-03-25,716,Catering Service,North Ryan,Vegetarian,Dinner
330,Rice,49,19-03-25,407,Restaurant,North Charlesside,Vegan,Snacks
331,Fish,8,22-03-25,480,Catering Service,East Kevin,Vegan,Breakfast
332,Rice,12,21-03-25,616,Restaurant,Clarkberg,Vegetarian,Dinner
333,Salad,41,20-03-25,139,Supermarket,Port Connie,Non-Vegetarian,Breakfast
334,Bread,17,19-03-25,126,Supermarket,New Rodneyville,Non-Vegetarian,Snacks
335,Rice,38,20-03-25,664,Catering Service,Jeffreyshire,Non-Vegetarian,Snacks
336,Dairy,36,23-03-25,101,Restaurant,East Angelafort,Non-Vegetarian,Snacks
337,Vegetables,5,24-03-25,301,Supermarket,East Laurashire,Vegan,Snacks
338,Chicken,7,19-03-25,735,Restaurant,Westmouth,Non-Vegetarian,Lunch
339,Pasta,40,29-03-25,512,Grocery Store,Port Timothystad,Non-Vegetarian,Dinner
340,Fruits,3,24-03-25,634,Supermarket,Colemanton,Vegetarian,Dinner
341,Vegetables,48,30-03-25,908,Supermarket,East Phillipton,Non-Vegetarian,Dinner
342,Vegetables,5,27-03-25,766,Catering Service,Jonathanmouth,Vegetarian,Lunch
343,Bread,40,27-03-25,563,Grocery Store,East Angela,Vegan,Snacks
344,Vegetables,44,23-03-25,678,Grocery Store,Lake Travis,Vegan,Snacks
345,Pasta,14,20-03-25,346,Grocery Store,Thomasville,Vegan,Lunch
346,Chicken,16,28-03-25,2,Grocery Store,East Sheena,Vegan,Snacks
347,Chicken,45,24-03-25,567,Catering Service,Jonathanstad,Vegetarian,Breakfast
348,Fish,21,27-03-25,107,Restaurant,West Lauraborough,Vegetarian,Lunch
349,Vegetables,33,18-03-25,766,Catering Service,Jonathanmouth,Vegetarian,Breakfast
350,Pasta,8,21-03-25,828,Catering Service,Torresshire,Non-Vegetarian,Breakfast
351,Bread,45,25-03-25,678,Grocery Store,Lake Travis,Non-Vegetarian,Snacks
352,Vegetables,31,28-03-25,692,Supermarket,South Andrewport,Vegetarian,Dinner
353,Fruits,5,29-03-25,418,Restaurant,Deborahfurt,Non-Vegetarian,Lunch
354,Pasta,3,24-03-25,380,Restaurant,Lake Christophermouth,Vegan,Lunch
355,Pasta,10,22-03-25,662,Supermarket,Port Lesliebury,Vegetarian,Dinner
356,Fish,27,20-03-25,71,Restaurant,Ruizmouth,Vegan,Lunch
357,Chicken,1,23-03-25,939,Catering Service,New Monicaside,Vegan,Dinner
358,Fruits,41,21-03-25,810,Catering Service,Lake Jason,Vegetarian,Breakfast
359,Bread,6,23-03-25,811,Grocery Store,East Emily,Non-Vegetarian,Lunch
360,Chicken,12,18-03-25,22,Catering Service,Port Lisamouth,Vegan,Dinner
361,Dairy,17,16-03-25,391,Supermarket,South Jerryside,Vegetarian,Breakfast
362,Chicken,29,27-03-25,785,Catering Service,Lindseybury,Vegan,Snacks
363,Bread,24,23-03-25,770,Supermarket,East Melissa,Non-Vegetarian,Breakfast
364,Fish,33,22-03-25,540,Catering Service,Henrychester,Non-Vegetarian,Snacks
365,Fruits,48,27-03-25,71,Restaurant,Ruizmouth,Non-Vegetarian,Dinner
366,Chicken,25,24-03-25,331,Catering Service,South Jeffreyburgh,Non-Vegetarian,Lunch
367,Vegetables,38,29-03-25,610,Supermarket,Allenton,Non-Vegetarian,Snacks
368,Salad,1,16-03-25,826,Supermarket,Lake Karenfurt,Non-Vegetarian,Lunch
369,Fruits,23,16-03-25,523,Restaurant,Lake Lorrainefort,Vegan,Breakfast
370,Fruits,35,16-03-25,783,Restaurant,Port Melanie,Vegan,Lunch
371,Bread,34,21-03-25,154,Supermarket,New John,Non-Vegetarian,Lunch
372,Pasta,11,25-03-25,138,Grocery Store,North Sherrimouth,Vegan,Snacks
373,Rice,39,21-03-25,252,Grocery Store,Phillipsfort,Non-Vegetarian,Lunch
374,Chicken,44,21-03-25,709,Restaurant,South Kathryn,Vegan,Lunch
375,Vegetables,15,28-03-25,569,Grocery Store,South Russelltown,Vegan,Dinner
376,Vegetables,47,25-03-25,41,Catering Service,Bentleyburgh,Vegan,Lunch
377,Pasta,22,25-03-25,737,Restaurant,Port Andrea,Non-Vegetarian,Breakfast
378,Soup,39,19-03-25,834,Supermarket,Harrishaven,Vegetarian,Lunch
379,Rice,14,18-03-25,312,Restaurant,North Ianbury,Vegetarian,Lunch
380,Soup,26,22-03-25,985,Restaurant,Harrisonbury,Non-Vegetarian,Snacks
381,Pasta,35,18-03-25,86,Catering Service,New Michelle,Vegan,Dinner
382,Salad,42,20-03-25,208,Restaurant,East Garyton,Non-Vegetarian,Dinner
383,Vegetables,48,19-03-25,783,Restaurant,Port Melanie,Vegan,Lunch
384,Fish,14,26-03-25,614,Supermarket,Robertshire,Vegan,Snacks
385,Pasta,7,25-03-25,885,Restaurant,Lake Stephen,Non-Vegetarian,Dinner
386,Salad,30,22-03-25,697,Restaurant,Padillatown,Vegetarian,Snacks
387,Rice,31,24-03-25,958,Restaurant,Lake Vanessaland,Vegan,Dinner
388,Soup,41,25-03-25,858,Restaurant,Johnsonborough,Vegetarian,Dinner
389,Vegetables,30,18-03-25,707,Supermarket,Laurietown,Non-Vegetarian,Snacks
390,Soup,19,27-03-25,264,Catering Service,New Richard,Non-Vegetarian,Lunch
391,Bread,40,25-03-25,321,Restaurant,North Edwinchester,Vegan,Lunch
392,Soup,34,19-03-25,599,Restaurant,Carlborough,Vegan,Dinner
393,Bread,50,28-03-25,404,Restaurant,Brownchester,Vegan,Breakfast
394,Fruits,30,21-03-25,485,Restaurant,East Andrea,Vegetarian,Dinner
395,Vegetables,36,28-03-25,717,Catering Service,Pamelaberg,Vegan,Lunch
396,Dairy,5,17-03-25,726,Supermarket,Shortfurt,Non-Vegetarian,Dinner
397,Salad,14,21-03-25,987,Supermarket,South Kevinhaven,Non-Vegetarian,Breakfast
398,Dairy,27,20-03-25,802,Catering Service,North Katherineshire,Non-Vegetarian,Snacks
399,Chicken,16,29-03-25,593,Grocery Store,Tammyside,Vegetarian,Lunch
400,Rice,42,29-03-25,897,Catering Service,Villastad,Vegan,Lunch
401,Soup,42,18-03-25,582,Grocery Store,West Dannyland,Vegetarian,Lunch
402,Fish,11,29-03-25,429,Grocery Store,Lake Benjamin,Non-Vegetarian,Lunch
403,Bread,25,28-03-25,133,Catering Service,South Michaelberg,Non-Vegetarian,Breakfast
404,Salad,10,18-03-25,691,Restaurant,Youngchester,Vegetarian,Snacks
405,Bread,16,20-03-25,241,Catering Service,Devinmouth,Vegetarian,Lunch
406,Salad,28,22-03-25,222,Catering Service,Stephanieberg,Vegetarian,Snacks
407,Chicken,32,20-03-25,912,Catering Service,Blaketown,Vegetarian,Lunch
408,Soup,42,24-03-25,391,Supermarket,South Jerryside,Non-Vegetarian,Breakfast
409,Chicken,46,24-03-25,898,Restaurant,Medinatown,Vegetarian,Dinner
410,Salad,21,19-03-25,273,Supermarket,New Carol,Non-Vegetarian,Snacks
411,Soup,39,30-03-25,419,Supermarket,Port Peter,Non-Vegetarian,Breakfast
412,Chicken,10,28-03-25,999,Grocery Store,Stevenchester,Non-Vegetarian,Snacks
413,Salad,31,24-03-25,315,Restaurant,Lake Andrewmouth,Vegetarian,Lunch
414,Vegetables,7,21-03-25,353,Grocery Store,North Aaron,Non-Vegetarian,Snacks
415,Vegetables,18,23-03-25,537,Restaurant,Callahanside,Vegan,Breakfast
416,Soup,49,26-03-25,888,Supermarket,West Sharonview,Vegan,Dinner
417,Soup,49,19-03-25,196,Restaurant,Bartonborough,Vegan,Snacks
418,Vegetables,19,30-03-25,685,Supermarket,Maysside,Non-Vegetarian,Lunch
419,Rice,26,19-03-25,585,Grocery Store,Port Donnaton,Vegetarian,Breakfast
420,Soup,13,26-03-25,386,Grocery Store,Wheelermouth,Vegan,Breakfast
421,Dairy,24,17-03-25,676,Catering Service,Lake Jasmin,Vegetarian,Dinner
422,Soup,2,20-03-25,550,Catering Service,Timothychester,Non-Vegetarian,Breakfast
423,Fish,6,30-03-25,926,Grocery Store,North Chase,Vegan,Breakfast
424,Pasta,41,27-03-25,910,Restaurant,Leeburgh,Non-Vegetarian,Lunch
425,Chicken,19,24-03-25,4,Grocery Store,Mendezmouth,Non-Vegetarian,Breakfast
426,Bread,6,22-03-25,461,Restaurant,New Hannah,Vegetarian,Dinner
427,Soup,34,18-03-25,338,Catering Service,Adambury,Non-Vegetarian,Lunch
428,Dairy,35,16-03-25,242,Restaurant,Michaelport,Vegetarian,Snacks
429,Pasta,34,17-03-25,178,Catering Service,Scottchester,Non-Vegetarian,Lunch
430,Dairy,33,28-03-25,853,Catering Service,East Michelle,Vegan,Snacks
431,Pasta,21,20-03-25,144,Catering Service,Bellport,Non-Vegetarian,Lunch
432,Dairy,34,17-03-25,979,Restaurant,West Hunter,Non-Vegetarian,Breakfast
433,Dairy,50,18-03-25,892,Grocery Store,Russellfurt,Vegetarian,Lunch
434,Vegetables,20,23-03-25,460,Grocery Store,Lake Justin,Non-Vegetarian,Snacks
435,Chicken,26,30-03-25,373,Grocery Store,Aprilberg,Non-Vegetarian,Lunch
436,Pasta,6,26-03-25,126,Supermarket,New Rodneyville,Vegan,Snacks
437,Chicken,29,16-03-25,345,Catering Service,North Tracy,Non-Vegetarian,Dinner
438,Dairy,46,20-03-25,84,Restaurant,Marthaside,Vegetarian,Breakfast
439,Fruits,41,16-03-25,986,Supermarket,Port David,Vegan,Dinner
440,Pasta,34,21-03-25,499,Catering Service,Jonathanstad,Vegan,Lunch
441,Fruits,2,18-03-25,919,Supermarket,Port Tanyaburgh,Vegetarian,Lunch
442,Fish,20,18-03-25,905,Restaurant,North Kennethshire,Non-Vegetarian,Lunch
443,Chicken,34,22-03-25,671,Grocery Store,North Catherine,Non-Vegetarian,Lunch
444,Dairy,27,27-03-25,117,Restaurant,Amberton,Non-Vegetarian,Lunch
445,Pasta,13,18-03-25,995,Supermarket,Manningshire,Vegan,Lunch
446,Bread,9,24-03-25,39,Supermarket,Brittanyville,Non-Vegetarian,Snacks
447,Soup,21,26-03-25,736,Supermarket,East Anthony,Vegetarian,Lunch
448,Vegetables,25,23-03-25,221,Supermarket,Walterborough,Vegan,Snacks
449,Dairy,21,17-03-25,655,Restaurant,Jimmyberg,Vegetarian,Dinner
450,Bread,9,23-03-25,368,Grocery Store,North Lindseychester,Non-Vegetarian,Dinner
451,Fish,14,18-03-25,713,Grocery Store,Smithmouth,Vegan,Breakfast
452,Vegetables,47,23-03-25,871,Supermarket,Madelinechester,Vegan,Dinner
453,Fish,21,21-03-25,664,Catering Service,Jeffreyshire,Vegetarian,Lunch
454,Pasta,4,22-03-25,189,Supermarket,Brianside,Vegetarian,Lunch
455,Pasta,17,27-03-25,630,Catering Service,West Matthew,Vegan,Dinner
456,Vegetables,16,19-03-25,144,Catering Service,Bellport,Vegetarian,Snacks
457,Soup,30,25-03-25,347,Supermarket,Louismouth,Non-Vegetarian,Lunch
458,Dairy,16,23-03-25,210,Grocery Store,Paulmouth,Vegan,Lunch
459,Rice,2,22-03-25,213,Grocery Store,Andersonville,Vegetarian,Snacks
460,Dairy,45,17-03-25,202,Supermarket,Vazquezshire,Vegetarian,Dinner
461,Pasta,10,19-03-25,511,Grocery Store,Port Davidshire,Vegetarian,Dinner
462,Soup,22,23-03-25,85,Catering Service,Christopherstad,Vegan,Dinner
463,Soup,36,17-03-25,384,Grocery Store,Jamesfurt,Vegan,Lunch
464,Fish,27,20-03-25,201,Catering Service,Sandrastad,Vegetarian,Lunch
465,Rice,32,19-03-25,532,Grocery Store,Darrylchester,Vegetarian,Snacks
466,Rice,6,30-03-25,729,Grocery Store,Lake Nathan,Vegetarian,Dinner
467,Dairy,7,28-03-25,337,Restaurant,New Ricky,Non-Vegetarian,Dinner
468,Fruits,1,27-03-25,258,Restaurant,Lake Anthonyport,Vegetarian,Breakfast
469,Vegetables,7,30-03-25,388,Supermarket,Manuelhaven,Vegetarian,Snacks
470,Salad,38,17-03-25,435,Restaurant,Port Leahfurt,Vegan,Dinner
471,Pasta,15,30-03-25,637,Grocery Store,East Williamshire,Vegetarian,Lunch
472,Salad,21,20-03-25,340,Grocery Store,Murrayborough,Non-Vegetarian,Snacks
473,Chicken,19,30-03-25,528,Supermarket,Markport,Vegetarian,Breakfast
474,Rice,5,22-03-25,215,Grocery Store,New Curtis,Vegetarian,Dinner
475,Pasta,13,26-03-25,357,Supermarket,Donnaborough,Vegetarian,Dinner
476,Fruits,2,28-03-25,993,Restaurant,East Stephanie,Non-Vegetarian,Dinner
477,Dairy,40,18-03-25,262,Supermarket,New Carol,Vegan,Breakfast
478,Soup,43,17-03-25,928,Catering Service,Zimmermanton,Vegetarian,Lunch
479,Salad,2,18-03-25,786,Restaurant,Basstown,Vegetarian,Breakfast
480,Pasta,25,24-03-25,517,Grocery Store,Wadeville,Non-Vegetarian,Lunch
481,Dairy,16,19-03-25,705,Grocery Store,East Robert,Vegan,Dinner
482,Salad,32,27-03-25,912,Catering Service,Blaketown,Non-Vegetarian,Dinner
483,Vegetables,36,29-03-25,933,Catering Service,Anthonyborough,Vegetarian,Snacks
484,Bread,15,22-03-25,133,Catering Service,South Michaelberg,Vegan,Snacks
485,Salad,50,18-03-25,185,Restaurant,Shirleyland,Vegan,Lunch
486,Chicken,9,25-03-25,550,Catering Service,Timothychester,Vegan,Snacks
487,Fruits,43,18-03-25,499,Catering Service,Jonathanstad,Vegetarian,Dinner
488,Fish,22,19-03-25,527,Supermarket,Bonillahaven,Vegetarian,Breakfast
489,Fish,39,25-03-25,705,Grocery Store,East Robert,Vegetarian,Dinner
490,Salad,3,24-03-25,563,Grocery Store,East Angela,Non-Vegetarian,Snacks
491,Fruits,23,25-03-25,139,Supermarket,Port Connie,Vegan,Lunch
492,Pasta,30,28-03-25,295,Restaurant,Meghanfurt,Vegetarian,Breakfast
493,Fish,26,30-03-25,102,Grocery Store,West Samantha,Vegetarian,Snacks
494,Bread,41,24-03-25,129,Restaurant,Port Emily,Vegetarian,Breakfast
495,Pasta,34,22-03-25,494,Supermarket,New Denise,Vegetarian,Dinner
496,Chicken,22,28-03-25,552,Catering Service,Pearsonchester,Vegetarian,Dinner
497,Dairy,48,27-03-25,709,Restaurant,South Kathryn,Vegetarian,Dinner
498,Rice,28,16-03-25,507,Grocery Store,Lake Diane,Non-Vegetarian,Snacks
499,Salad,6,23-03-25,154,Supermarket,New John,Non-Vegetarian,Snacks
500,Pasta,14,30-03-25,230,Grocery Store,North Melanie,Vegan,Dinner
501,Chicken,27,24-03-25,11,Supermarket,South Robert,Vegetarian,Lunch
502,Dairy,40,19-03-25,123,Grocery Store,East Meganfort,Vegan,Lunch
503,Rice,40,29-03-25,861,Grocery Store,Lake Kendramouth,Non-Vegetarian,Snacks
504,Rice,28,30-03-25,227,Grocery Store,Derekport,Vegetarian,Lunch
505,Pasta,12,22-03-25,494,Supermarket,New Denise,Vegetarian,Snacks
506,Fruits,37,29-03-25,793,Grocery Store,West Brandon,Non-Vegetarian,Snacks
507,Chicken,43,26-03-25,968,Restaurant,Christopherton,Vegetarian,Lunch
508,Dairy,42,18-03-25,176,Restaurant,East John,Vegan,Lunch
509,Dairy,18,17-03-25,980,Restaurant,Port Melissa,Non-Vegetarian,Snacks
510,Salad,33,28-03-25,697,Restaurant,Padillatown,Non-Vegetarian,Dinner
511,Salad,25,27-03-25,879,Supermarket,Lake Michael,Vegan,Snacks
512,Chicken,20,27-03-25,911,Restaurant,Garciatown,Vegetarian,Lunch
513,Fruits,49,18-03-25,255,Supermarket,Crystalborough,Vegetarian,Snacks
514,Salad,20,24-03-25,880,Catering Service,Sheenashire,Vegetarian,Snacks
515,Dairy,10,27-03-25,725,Grocery Store,New Evanport,Vegan,Lunch
516,Fish,24,23-03-25,846,Supermarket,South Thomasville,Non-Vegetarian,Breakfast
517,Dairy,4,26-03-25,45,Catering Service,East Deniseborough,Vegan,Dinner
518,Fruits,46,22-03-25,210,Grocery Store,Paulmouth,Vegan,Lunch
519,Pasta,43,26-03-25,7,Restaurant,Lake Christopherburgh,Non-Vegetarian,Lunch
520,Fish,23,25-03-25,559,Catering Service,New Baileyfort,Non-Vegetarian,Breakfast
521,Vegetables,23,17-03-25,792,Catering Service,Mortonfort,Vegan,Snacks
522,Rice,7,22-03-25,783,Restaurant,Port Melanie,Vegetarian,Lunch
523,Salad,29,22-03-25,351,Grocery Store,South Stefanietown,Non-Vegetarian,Lunch
524,Soup,25,18-03-25,387,Grocery Store,West Juliabury,Vegan,Snacks
525,Soup,30,16-03-25,717,Catering Service,Pamelaberg,Vegetarian,Lunch
526,Rice,11,30-03-25,883,Supermarket,New Jacob,Vegetarian,Lunch
527,Dairy,3,23-03-25,674,Restaurant,Anthonyhaven,Non-Vegetarian,Snacks
528,Chicken,6,27-03-25,677,Grocery Store,Williamsmouth,Vegan,Snacks
529,Dairy,48,17-03-25,901,Supermarket,West Melissastad,Non-Vegetarian,Dinner
530,Soup,32,27-03-25,583,Catering Service,Marcstad,Vegetarian,Breakfast
531,Salad,42,17-03-25,57,Grocery Store,Port Robin,Vegan,Lunch
532,Bread,50,20-03-25,550,Catering Service,Timothychester,Non-Vegetarian,Breakfast
533,Fruits,25,17-03-25,273,Supermarket,New Carol,Vegetarian,Breakfast
534,Vegetables,34,30-03-25,223,Restaurant,Longland,Non-Vegetarian,Dinner
535,Fish,24,29-03-25,668,Grocery Store,Salinasville,Vegan,Snacks
536,Rice,13,19-03-25,683,Grocery Store,Christinetown,Vegan,Dinner
537,Salad,9,17-03-25,949,Supermarket,Lake Deborah,Vegetarian,Breakfast
538,Dairy,18,29-03-25,840,Restaurant,Cisnerostown,Vegetarian,Lunch
539,Vegetables,14,22-03-25,161,Supermarket,Perezport,Vegetarian,Breakfast
540,Soup,33,22-03-25,31,Grocery Store,South Kellyberg,Non-Vegetarian,Snacks
541,Vegetables,12,29-03-25,549,Catering Service,East Deborah,Vegan,Dinner
542,Bread,7,26-03-25,926,Grocery Store,North Chase,Vegetarian,Lunch
543,Fruits,9,26-03-25,526,Supermarket,South Tylerstad,Vegan,Dinner
544,Soup,36,30-03-25,551,Restaurant,East Sandratown,Non-Vegetarian,Dinner
545,Pasta,23,29-03-25,984,Catering Service,South Edwardtown,Vegetarian,Snacks
546,Pasta,33,24-03-25,116,Grocery Store,Moseshaven,Vegan,Snacks
547,Chicken,26,23-03-25,825,Supermarket,South Bryan,Vegan,Snacks
548,Fish,26,19-03-25,714,Catering Service,North William,Vegan,Snacks
549,Rice,34,23-03-25,631,Supermarket,North Kevinhaven,Non-Vegetarian,Breakfast
550,Rice,16,29-03-25,836,Catering Service,New Ninashire,Vegan,Dinner
551,Chicken,4,26-03-25,245,Restaurant,Lake Heather,Vegan,Lunch
552,Dairy,44,21-03-25,98,Supermarket,Gardnerfort,Vegetarian,Dinner
553,Salad,36,24-03-25,93,Supermarket,New Daniel,Vegan,Breakfast
554,Soup,31,20-03-25,754,Restaurant,North Sharonburgh,Non-Vegetarian,Breakfast
555,Dairy,47,20-03-25,371,Grocery Store,Solisburgh,Vegan,Breakfast
556,Fish,48,21-03-25,938,Restaurant,Hollyhaven,Vegan,Lunch
557,Vegetables,20,30-03-25,169,Grocery Store,Lindseyland,Non-Vegetarian,Dinner
558,Chicken,32,20-03-25,267,Catering Service,Port Kevinburgh,Vegetarian,Snacks
559,Salad,18,22-03-25,814,Grocery Store,Allenborough,Vegan,Dinner
560,Fruits,41,18-03-25,850,Grocery Store,North Stevenbury,Non-Vegetarian,Snacks
561,Pasta,47,20-03-25,861,Grocery Store,Lake Kendramouth,Non-Vegetarian,Lunch
562,Dairy,3,30-03-25,906,Supermarket,West Kevin,Vegan,Dinner
563,Pasta,37,19-03-25,554,Restaurant,Brandyberg,Non-Vegetarian,Lunch
564,Fish,29,28-03-25,518,Grocery Store,Anneville,Non-Vegetarian,Lunch
565,Pasta,36,24-03-25,41,Catering Service,Bentleyburgh,Non-Vegetarian,Lunch
566,Fish,8,17-03-25,328,Grocery Store,Port Rubenville,Vegan,Lunch
567,Bread,3,28-03-25,234,Catering Service,New Joel,Vegetarian,Breakfast
568,Fruits,11,29-03-25,709,Restaurant,South Kathryn,Non-Vegetarian,Breakfast
569,Fish,20,25-03-25,68,Supermarket,North Elizabeth,Vegan,Lunch
570,Vegetables,8,16-03-25,659,Restaurant,East Lori,Non-Vegetarian,Breakfast
571,Salad,39,18-03-25,49,Supermarket,Lake Traceyburgh,Non-Vegetarian,Breakfast
572,Bread,46,22-03-25,212,Supermarket,Port Markview,Vegetarian,Dinner
573,Fish,40,30-03-25,111,Supermarket,South Davidside,Vegetarian,Snacks
574,Vegetables,17,29-03-25,239,Grocery Store,South Bradleyburgh,Non-Vegetarian,Breakfast
575,Pasta,15,18-03-25,88,Restaurant,Salastown,Non-Vegetarian,Breakfast
576,Salad,35,24-03-25,786,Restaurant,Basstown,Non-Vegetarian,Lunch
577,Bread,30,29-03-25,161,Supermarket,Perezport,Non-Vegetarian,Dinner
578,Salad,27,29-03-25,285,Restaurant,West Corey,Vegan,Snacks
579,Dairy,44,24-03-25,885,Restaurant,Lake Stephen,Vegetarian,Breakfast
580,Rice,21,24-03-25,497,Catering Service,Chelseyfort,Non-Vegetarian,Snacks
581,Salad,8,20-03-25,656,Restaurant,South Tiffanyfort,Vegetarian,Breakfast
582,Soup,44,20-03-25,501,Grocery Store,Jordanhaven,Vegetarian,Snacks
583,Vegetables,44,23-03-25,938,Restaurant,Hollyhaven,Non-Vegetarian,Dinner
584,Salad,16,30-03-25,590,Grocery Store,Richchester,Non-Vegetarian,Snacks
585,Rice,3,26-03-25,514,Supermarket,Maxwellburgh,Vegetarian,Breakfast
586,Vegetables,37,18-03-25,54,Supermarket,Lake Rachael,Vegetarian,Breakfast
587,Fruits,22,21-03-25,192,Catering Service,Leslieville,Non-Vegetarian,Dinner
588,Dairy,31,27-03-25,709,Restaurant,South Kathryn,Non-Vegetarian,Breakfast
589,Rice,49,20-03-25,20,Catering Service,East Samantha,Vegetarian,Dinner
590,Fruits,11,28-03-25,56,Catering Service,Michaelview,Vegan,Snacks
591,Fruits,19,28-03-25,154,Supermarket,New John,Vegetarian,Breakfast
592,Rice,13,23-03-25,341,Grocery Store,Lake Ryanbury,Vegan,Lunch
593,Soup,2,23-03-25,515,Restaurant,Snyderton,Vegan,Lunch
594,Chicken,35,28-03-25,140,Restaurant,Watsonstad,Non-Vegetarian,Breakfast
595,Salad,42,19-03-25,358,Restaurant,South Crystalberg,Vegan,Lunch
596,Fish,44,29-03-25,158,Catering Service,North Crystal,Non-Vegetarian,Lunch
597,Dairy,12,20-03-25,563,Grocery Store,East Angela,Vegetarian,Lunch
598,Rice,19,27-03-25,981,Restaurant,West Stevenport,Non-Vegetarian,Lunch
599,Fruits,19,30-03-25,232,Supermarket,Muellermouth,Vegetarian,Lunch
600,Rice,39,24-03-25,505,Restaurant,Chelseaside,Non-Vegetarian,Snacks
601,Vegetables,9,27-03-25,140,Restaurant,Watsonstad,Vegan,Snacks
602,Chicken,15,25-03-25,913,Grocery Store,Erikatown,Non-Vegetarian,Breakfast
603,Rice,37,28-03-25,858,Restaurant,Johnsonborough,Non-Vegetarian,Lunch
604,Pasta,47,27-03-25,578,Catering Service,Port Carrie,Vegan,Breakfast
605,Vegetables,20,23-03-25,429,Grocery Store,Lake Benjamin,Vegetarian,Dinner
606,Pasta,36,22-03-25,932,Supermarket,New Ginaborough,Vegetarian,Dinner
607,Vegetables,23,20-03-25,556,Catering Service,Brittanyland,Vegetarian,Dinner
608,Vegetables,27,28-03-25,17,Catering Service,West Dawn,Non-Vegetarian,Dinner
609,Bread,38,23-03-25,541,Catering Service,West Karen,Vegetarian,Breakfast
610,Pasta,13,30-03-25,477,Supermarket,East Jacobchester,Non-Vegetarian,Breakfast
611,Vegetables,40,30-03-25,993,Restaurant,East Stephanie,Vegetarian,Snacks
612,Vegetables,45,17-03-25,874,Catering Service,Priceland,Non-Vegetarian,Lunch
613,Bread,42,20-03-25,592,Restaurant,North Brendaborough,Vegetarian,Dinner
614,Salad,43,16-03-25,146,Supermarket,Jonathanhaven,Vegan,Lunch
615,Salad,11,23-03-25,104,Catering Service,Lake Theresa,Vegetarian,Breakfast
616,Fish,35,20-03-25,735,Restaurant,Westmouth,Non-Vegetarian,Dinner
617,Soup,27,18-03-25,507,Grocery Store,Lake Diane,Vegetarian,Lunch
618,Soup,9,18-03-25,929,Catering Service,Lake Richardhaven,Non-Vegetarian,Dinner
619,Pasta,46,29-03-25,725,Grocery Store,New Evanport,Vegan,Snacks
620,Chicken,7,20-03-25,497,Catering Service,Chelseyfort,Vegetarian,Dinner
621,Soup,23,21-03-25,979,Restaurant,West Hunter,Non-Vegetarian,Lunch
622,Fish,17,24-03-25,857,Supermarket,Jordanborough,Vegan,Snacks
623,Salad,38,29-03-25,37,Catering Service,New Amanda,Vegetarian,Breakfast
624,Fish,10,16-03-25,475,Catering Service,Bentonfurt,Non-Vegetarian,Breakfast
625,Rice,7,22-03-25,632,Supermarket,Davidville,Vegan,Breakfast
626,Salad,37,29-03-25,274,Supermarket,New Dawnborough,Non-Vegetarian,Breakfast
627,Vegetables,26,17-03-25,890,Restaurant,Pereztown,Non-Vegetarian,Breakfast
628,Fish,5,16-03-25,758,Catering Service,Port Patrick,Non-Vegetarian,Snacks
629,Bread,33,20-03-25,694,Supermarket,Amandashire,Vegan,Breakfast
630,Bread,39,25-03-25,478,Catering Service,Lake Regina,Vegan,Snacks
631,Pasta,49,30-03-25,232,Supermarket,Muellermouth,Non-Vegetarian,Dinner
632,Fruits,45,25-03-25,850,Grocery Store,North Stevenbury,Vegan,Breakfast
633,Salad,19,28-03-25,922,Restaurant,Lake Michael,Vegan,Snacks
634,Bread,40,16-03-25,205,Grocery Store,Carlbury,Non-Vegetarian,Breakfast
635,Pasta,18,26-03-25,251,Restaurant,East Terrancemouth,Vegetarian,Dinner
636,Fish,11,25-03-25,687,Catering Service,North James,Non-Vegetarian,Lunch
637,Chicken,49,30-03-25,873,Catering Service,East Sonyaport,Non-Vegetarian,Lunch
638,Rice,12,21-03-25,421,Supermarket,Kylehaven,Non-Vegetarian,Dinner
639,Salad,5,20-03-25,60,Restaurant,Wilsonport,Non-Vegetarian,Lunch
640,Pasta,2,17-03-25,422,Catering Service,Smithfort,Non-Vegetarian,Breakfast
641,Bread,9,30-03-25,692,Supermarket,South Andrewport,Vegan,Snacks
642,Chicken,38,29-03-25,365,Restaurant,West Robert,Non-Vegetarian,Dinner
643,Salad,8,23-03-25,240,Catering Service,Andreaborough,Vegan,Dinner
644,Bread,21,18-03-25,42,Grocery Store,East Nicholasbury,Non-Vegetarian,Snacks
645,Soup,34,21-03-25,643,Supermarket,North Ebony,Vegetarian,Breakfast
646,Fruits,44,17-03-25,417,Restaurant,East Ashleyshire,Vegetarian,Breakfast
647,Rice,1,18-03-25,184,Grocery Store,Velazquezview,Vegan,Snacks
648,Rice,42,23-03-25,904,Grocery Store,West Miaside,Non-Vegetarian,Breakfast
649,Dairy,8,30-03-25,806,Supermarket,West Samuelfurt,Vegetarian,Lunch
650,Soup,40,16-03-25,288,Supermarket,Maynardstad,Non-Vegetarian,Breakfast
651,Pasta,36,16-03-25,72,Catering Service,Jasonstad,Non-Vegetarian,Snacks
652,Fruits,44,23-03-25,634,Supermarket,Colemanton,Non-Vegetarian,Dinner
653,Soup,50,25-03-25,573,Supermarket,New Thomasmouth,Non-Vegetarian,Breakfast
654,Bread,2,26-03-25,765,Grocery Store,South Douglashaven,Vegetarian,Dinner
655,Salad,46,27-03-25,491,Supermarket,Samanthabury,Non-Vegetarian,Snacks
656,Bread,26,25-03-25,432,Restaurant,Carolchester,Vegetarian,Dinner
657,Rice,14,28-03-25,239,Grocery Store,South Bradleyburgh,Vegan,Lunch
658,Vegetables,4,26-03-25,769,Catering Service,Carrport,Non-Vegetarian,Dinner
659,Salad,4,27-03-25,707,Supermarket,Laurietown,Non-Vegetarian,Dinner
660,Salad,42,17-03-25,138,Grocery Store,North Sherrimouth,Vegetarian,Snacks
661,Bread,12,25-03-25,906,Supermarket,West Kevin,Vegan,Dinner
662,Soup,47,30-03-25,498,Grocery Store,East Craig,Vegan,Snacks
663,Dairy,42,24-03-25,315,Restaurant,Lake Andrewmouth,Vegan,Snacks
664,Bread,34,20-03-25,327,Restaurant,Villaborough,Non-Vegetarian,Breakfast
665,Pasta,7,18-03-25,142,Catering Service,Mitchellmouth,Vegan,Dinner
666,Vegetables,47,21-03-25,835,Catering Service,Thorntonbury,Non-Vegetarian,Dinner
667,Soup,30,21-03-25,961,Restaurant,New Amanda,Vegetarian,Lunch
668,Salad,48,20-03-25,357,Supermarket,Donnaborough,Non-Vegetarian,Snacks
669,Vegetables,14,27-03-25,164,Grocery Store,Sylviabury,Vegetarian,Dinner
670,Salad,37,24-03-25,289,Supermarket,Toddstad,Non-Vegetarian,Snacks
671,Salad,49,24-03-25,498,Grocery Store,East Craig,Vegetarian,Breakfast
672,Bread,2,24-03-25,555,Grocery Store,South Brenda,Vegetarian,Snacks
673,Rice,28,20-03-25,677,Grocery Store,Williamsmouth,Vegan,Lunch
674,Vegetables,34,17-03-25,518,Grocery Store,Anneville,Vegetarian,Lunch
675,Soup,25,26-03-25,117,Restaurant,Amberton,Vegan,Dinner
676,Soup,15,23-03-25,577,Catering Service,Lake Donna,Non-Vegetarian,Dinner
677,Dairy,43,16-03-25,672,Catering Service,North Mariahchester,Vegan,Breakfast
678,Pasta,8,24-03-25,177,Supermarket,South Nicholasville,Vegetarian,Snacks
679,Bread,24,24-03-25,698,Grocery Store,Phillipsmouth,Non-Vegetarian,Snacks
680,Dairy,47,23-03-25,499,Catering Service,Jonathanstad,Non-Vegetarian,Snacks
681,Bread,28,27-03-25,616,Restaurant,Clarkberg,Non-Vegetarian,Breakfast
682,Pasta,30,25-03-25,87,Grocery Store,West Adam,Vegetarian,Snacks
683,Soup,28,18-03-25,726,Supermarket,Shortfurt,Vegetarian,Dinner
684,Rice,39,29-03-25,221,Supermarket,Walterborough,Vegetarian,Snacks
685,Rice,39,18-03-25,332,Restaurant,West Whitneymouth,Vegetarian,Dinner
686,Salad,15,28-03-25,707,Supermarket,Laurietown,Vegetarian,Dinner
687,Pasta,5,29-03-25,326,Supermarket,Lake Alicia,Vegan,Lunch
688,Salad,6,22-03-25,536,Restaurant,South Donald,Vegan,Snacks
689,Pasta,34,21-03-25,350,Restaurant,Port Dustin,Vegetarian,Breakfast
690,Fruits,43,16-03-25,779,Supermarket,New Bobbytown,Vegetarian,Breakfast
691,Rice,21,28-03-25,65,Grocery Store,Lake Raymondton,Vegan,Dinner
692,Bread,8,17-03-25,332,Restaurant,West Whitneymouth,Non-Vegetarian,Dinner
693,Chicken,6,24-03-25,563,Grocery Store,East Angela,Vegetarian,Dinner
694,Bread,50,22-03-25,995,Supermarket,Manningshire,Vegetarian,Dinner
695,Fruits,17,23-03-25,176,Restaurant,East John,Vegetarian,Breakfast
696,Rice,26,24-03-25,752,Grocery Store,East Heatherport,Non-Vegetarian,Snacks
697,Chicken,42,21-03-25,817,Restaurant,Walterton,Vegan,Breakfast
698,Rice,16,22-03-25,872,Supermarket,Ramosville,Non-Vegetarian,Lunch
699,Salad,32,16-03-25,777,Catering Service,Wilsonview,Non-Vegetarian,Dinner
700,Dairy,10,17-03-25,840,Restaurant,Cisnerostown,Vegan,Breakfast
701,Salad,33,19-03-25,192,Catering Service,Leslieville,Vegetarian,Lunch
702,Bread,6,25-03-25,806,Supermarket,West Samuelfurt,Vegan,Snacks
703,Salad,35,29-03-25,784,Restaurant,Gibsonfort,Vegetarian,Breakfast
704,Chicken,43,27-03-25,518,Grocery Store,Anneville,Non-Vegetarian,Lunch
705,Fruits,39,30-03-25,199,Catering Service,Christinamouth,Non-Vegetarian,Breakfast
706,Dairy,45,22-03-25,224,Restaurant,East Lindsayville,Non-Vegetarian,Dinner
707,Soup,29,22-03-25,625,Grocery Store,East Lisa,Vegetarian,Dinner
708,Rice,17,22-03-25,800,Catering Service,East Amyfurt,Vegan,Lunch
709,Chicken,15,20-03-25,127,Restaurant,Jasonland,Vegetarian,Breakfast
710,Chicken,41,22-03-25,970,Catering Service,Jeffreybury,Non-Vegetarian,Lunch
711,Pasta,25,17-03-25,632,Supermarket,Davidville,Vegan,Breakfast
712,Pasta,31,18-03-25,263,Grocery Store,Chambersfort,Non-Vegetarian,Dinner
713,Fish,7,26-03-25,108,Supermarket,East Austin,Vegan,Snacks
714,Pasta,5,25-03-25,928,Catering Service,Zimmermanton,Vegetarian,Lunch
715,Soup,21,23-03-25,46,Grocery Store,South Lisaberg,Non-Vegetarian,Breakfast
716,Dairy,29,21-03-25,237,Supermarket,Frederickside,Vegetarian,Snacks
717,Salad,40,16-03-25,108,Supermarket,East Austin,Non-Vegetarian,Breakfast
718,Vegetables,45,28-03-25,801,Catering Service,North Joseph,Non-Vegetarian,Dinner
719,Pasta,44,20-03-25,701,Restaurant,Browntown,Vegan,Snacks
720,Dairy,1,27-03-25,849,Supermarket,South Christopherborough,Vegan,Snacks
721,Vegetables,20,22-03-25,342,Catering Service,Matthewbury,Non-Vegetarian,Breakfast
722,Soup,43,26-03-25,306,Catering Service,North Keith,Vegetarian,Dinner
723,Pasta,2,25-03-25,762,Restaurant,West Lucasville,Vegetarian,Breakfast
724,Dairy,44,18-03-25,459,Supermarket,Castilloport,Vegetarian,Lunch
725,Soup,47,30-03-25,846,Supermarket,South Thomasville,Vegetarian,Breakfast
726,Soup,27,22-03-25,719,Restaurant,East Cynthia,Vegetarian,Breakfast
727,Chicken,3,18-03-25,285,Restaurant,West Corey,Vegetarian,Lunch
728,Dairy,28,28-03-25,265,Catering Service,New Douglas,Vegetarian,Dinner
729,Rice,42,30-03-25,253,Catering Service,Sharonton,Vegan,Lunch
730,Soup,15,19-03-25,372,Restaurant,Lewisberg,Vegan,Lunch
731,Fruits,42,30-03-25,324,Grocery Store,East Elizabeth,Vegetarian,Snacks
732,Soup,29,18-03-25,734,Catering Service,Port Anita,Vegan,Dinner
733,Pasta,31,26-03-25,736,Supermarket,East Anthony,Vegetarian,Snacks
734,Vegetables,5,27-03-25,125,Supermarket,Lake April,Non-Vegetarian,Lunch
735,Fish,2,19-03-25,459,Supermarket,Castilloport,Non-Vegetarian,Snacks
736,Fruits,33,24-03-25,792,Catering Service,Mortonfort,Non-Vegetarian,Snacks
737,Fish,3,16-03-25,930,Restaurant,Kellytown,Non-Vegetarian,Snacks
738,Fruits,5,24-03-25,793,Grocery Store,West Brandon,Vegan,Snacks
739,Chicken,2,28-03-25,186,Grocery Store,Evansmouth,Vegan,Breakfast
740,Salad,6,24-03-25,964,Catering Service,Connieside,Vegetarian,Lunch
741,Fish,21,16-03-25,776,Supermarket,Williamview,Vegan,Breakfast
742,Dairy,3,30-03-25,483,Catering Service,Millerview,Vegetarian,Breakfast
743,Chicken,46,29-03-25,308,Catering Service,Brittanyside,Vegan,Breakfast
744,Fish,13,17-03-25,456,Grocery Store,North Katelyn,Non-Vegetarian,Snacks
745,Fruits,34,18-03-25,961,Restaurant,New Amanda,Vegan,Breakfast
746,Bread,31,30-03-25,293,Catering Service,Joneshaven,Non-Vegetarian,Lunch
747,Dairy,39,19-03-25,238,Grocery Store,North Julieburgh,Vegan,Lunch
748,Soup,17,24-03-25,472,Restaurant,Rebeccaburgh,Vegetarian,Breakfast
749,Salad,32,27-03-25,140,Restaurant,Watsonstad,Non-Vegetarian,Lunch
750,Bread,17,25-03-25,613,Grocery Store,Petersonburgh,Non-Vegetarian,Breakfast
751,Chicken,18,25-03-25,720,Restaurant,Francisshire,Vegan,Snacks
752,Soup,12,17-03-25,460,Grocery Store,Lake Justin,Vegan,Breakfast
753,Fruits,19,24-03-25,182,Grocery Store,Port Jeffrey,Vegetarian,Breakfast
754,Dairy,37,30-03-25,986,Supermarket,Port David,Non-Vegetarian,Dinner
755,Soup,4,17-03-25,195,Supermarket,Justinhaven,Vegetarian,Dinner
756,Bread,5,19-03-25,887,Supermarket,Strongmouth,Vegan,Snacks
757,Dairy,42,21-03-25,282,Supermarket,Port Gregton,Vegetarian,Dinner
758,Rice,4,26-03-25,989,Grocery Store,North Lauren,Non-Vegetarian,Dinner
759,Chicken,36,18-03-25,779,Supermarket,New Bobbytown,Non-Vegetarian,Snacks
760,Dairy,28,26-03-25,710,Catering Service,Mikaylachester,Non-Vegetarian,Dinner
761,Dairy,46,24-03-25,217,Supermarket,Mooremouth,Vegetarian,Snacks
762,Soup,4,23-03-25,76,Restaurant,Port Amandamouth,Vegetarian,Snacks
763,Fish,33,17-03-25,846,Supermarket,South Thomasville,Vegan,Snacks
764,Vegetables,21,19-03-25,9,Supermarket,Tinamouth,Vegetarian,Breakfast
765,Soup,1,28-03-25,161,Supermarket,Perezport,Vegan,Lunch
766,Chicken,17,24-03-25,463,Grocery Store,East Edwinburgh,Vegetarian,Breakfast
767,Salad,17,27-03-25,952,Grocery Store,Samueltown,Vegan,Dinner
768,Soup,39,28-03-25,200,Supermarket,Bradleyport,Non-Vegetarian,Snacks
769,Chicken,27,25-03-25,483,Catering Service,Millerview,Vegetarian,Lunch
770,Dairy,30,30-03-25,770,Supermarket,East Melissa,Non-Vegetarian,Lunch
771,Chicken,9,23-03-25,551,Restaurant,East Sandratown,Vegetarian,Dinner
772,Salad,37,23-03-25,609,Restaurant,South Christopherborough,Vegan,Lunch
773,Fish,40,20-03-25,509,Grocery Store,Cordovaborough,Vegetarian,Dinner
774,Dairy,2,16-03-25,788,Supermarket,New Michaelmouth,Vegan,Breakfast
775,Pasta,7,17-03-25,204,Supermarket,Lake Lauraton,Vegetarian,Dinner
776,Chicken,33,24-03-25,249,Catering Service,Johnsonside,Vegetarian,Dinner
777,Fruits,5,18-03-25,709,Restaurant,South Kathryn,Vegetarian,Dinner
778,Dairy,7,21-03-25,57,Grocery Store,Port Robin,Non-Vegetarian,Snacks
779,Bread,43,27-03-25,74,Catering Service,Belindaville,Vegan,Lunch
780,Dairy,48,17-03-25,162,Restaurant,Penabury,Vegan,Snacks
781,Bread,45,23-03-25,33,Restaurant,Janetborough,Vegan,Snacks
782,Rice,49,28-03-25,566,Catering Service,New Rachel,Non-Vegetarian,Snacks
783,Rice,4,20-03-25,455,Catering Service,Madisonfort,Vegetarian,Snacks
784,Bread,1,26-03-25,335,Grocery Store,North Gary,Non-Vegetarian,Dinner
785,Bread,10,16-03-25,678,Grocery Store,Lake Travis,Non-Vegetarian,Lunch
786,Rice,4,30-03-25,959,Grocery Store,North Victoriastad,Vegetarian,Dinner
787,Fish,48,24-03-25,355,Restaurant,Port Patrick,Vegetarian,Dinner
788,Fish,26,30-03-25,34,Grocery Store,North Garybury,Vegan,Dinner
789,Chicken,10,26-03-25,673,Restaurant,New Connorfort,Vegan,Snacks
790,Chicken,2,21-03-25,332,Restaurant,West Whitneymouth,Vegan,Dinner
791,Soup,23,29-03-25,152,Catering Service,South Jacobport,Vegetarian,Breakfast
792,Chicken,15,17-03-25,308,Catering Service,Brittanyside,Vegan,Breakfast
793,Fruits,5,24-03-25,824,Supermarket,Lopezport,Vegan,Snacks
794,Fruits,21,27-03-25,380,Restaurant,Lake Christophermouth,Vegan,Snacks
795,Dairy,3,19-03-25,911,Restaurant,Garciatown,Non-Vegetarian,Dinner
796,Pasta,8,27-03-25,798,Grocery Store,North Amanda,Vegetarian,Lunch
797,Dairy,40,27-03-25,467,Catering Service,Phillipsfort,Vegan,Breakfast
798,Fish,3,30-03-25,413,Catering Service,North Mike,Vegetarian,Lunch
799,Chicken,5,17-03-25,764,Restaurant,New Travisshire,Vegetarian,Breakfast
800,Dairy,15,20-03-25,193,Restaurant,North Lisaland,Vegan,Lunch
801,Chicken,50,18-03-25,609,Restaurant,South Christopherborough,Vegan,Lunch
802,Soup,25,22-03-25,62,Grocery Store,Marymouth,Non-Vegetarian,Dinner
803,Chicken,13,27-03-25,714,Catering Service,North William,Vegan,Snacks
804,Fruits,47,27-03-25,16,Catering Service,West Vanessafort,Vegan,Breakfast
805,Chicken,1,22-03-25,235,Catering Service,Gutierrezshire,Non-Vegetarian,Dinner
806,Soup,12,27-03-25,388,Supermarket,Manuelhaven,Vegetarian,Dinner
807,Salad,35,19-03-25,474,Catering Service,South Nicole,Vegetarian,Dinner
808,Dairy,7,23-03-25,868,Grocery Store,Rodriguezview,Vegetarian,Dinner
809,Dairy,48,29-03-25,292,Supermarket,Mooneybury,Vegan,Breakfast
810,Bread,34,16-03-25,993,Restaurant,East Stephanie,Vegan,Snacks
811,Salad,19,27-03-25,513,Catering Service,West Larry,Non-Vegetarian,Dinner
812,Bread,49,19-03-25,471,Grocery Store,Charlesmouth,Non-Vegetarian,Lunch
813,Fish,33,23-03-25,610,Supermarket,Allenton,Vegetarian,Breakfast
814,Bread,18,17-03-25,287,Catering Service,Jefferyside,Vegan,Snacks
815,Pasta,50,22-03-25,157,Restaurant,Bairdfort,Vegan,Snacks
816,Fruits,2,17-03-25,965,Restaurant,Port Bryce,Vegetarian,Lunch
817,Rice,23,28-03-25,363,Catering Service,East Brittanyland,Vegetarian,Snacks
818,Fish,50,29-03-25,248,Restaurant,South Michellechester,Vegetarian,Dinner
819,Bread,35,28-03-25,304,Catering Service,Port Marcland,Non-Vegetarian,Breakfast
820,Fruits,46,27-03-25,753,Supermarket,South Randy,Non-Vegetarian,Lunch
821,Chicken,9,24-03-25,167,Catering Service,Davidport,Non-Vegetarian,Lunch
822,Dairy,27,25-03-25,237,Supermarket,Frederickside,Vegan,Lunch
823,Chicken,27,21-03-25,587,Restaurant,Lake George,Vegan,Lunch
824,Bread,12,27-03-25,993,Restaurant,East Stephanie,Vegetarian,Dinner
825,Salad,25,25-03-25,995,Supermarket,Manningshire,Vegetarian,Breakfast
826,Bread,39,17-03-25,50,Catering Service,West Danielborough,Vegan,Snacks
827,Salad,3,23-03-25,907,Supermarket,South Marthahaven,Vegan,Snacks
828,Vegetables,21,24-03-25,636,Grocery Store,West Omarside,Non-Vegetarian,Breakfast
829,Dairy,44,18-03-25,262,Supermarket,New Carol,Vegan,Dinner
830,Vegetables,3,25-03-25,847,Supermarket,Williamsonmouth,Vegetarian,Snacks
831,Pasta,24,22-03-25,330,Restaurant,Jamesport,Non-Vegetarian,Breakfast
832,Fish,19,16-03-25,752,Grocery Store,East Heatherport,Non-Vegetarian,Breakfast
833,Fruits,44,17-03-25,146,Supermarket,Jonathanhaven,Non-Vegetarian,Dinner
834,Pasta,43,18-03-25,531,Catering Service,North Kylestad,Vegetarian,Dinner
835,Vegetables,17,29-03-25,752,Grocery Store,East Heatherport,Vegetarian,Lunch
836,Salad,49,16-03-25,685,Supermarket,Maysside,Vegan,Breakfast
837,Soup,50,24-03-25,642,Catering Service,Lesterstad,Vegan,Snacks
838,Bread,38,29-03-25,770,Supermarket,East Melissa,Vegetarian,Lunch
839,Chicken,6,17-03-25,72,Catering Service,Jasonstad,Vegan,Lunch
840,Dairy,43,16-03-25,548,Supermarket,Lisamouth,Vegan,Snacks
841,Chicken,15,25-03-25,532,Grocery Store,Darrylchester,Vegan,Lunch
842,Bread,40,21-03-25,205,Grocery Store,Carlbury,Vegan,Breakfast
843,Fruits,46,24-03-25,515,Restaurant,Snyderton,Vegetarian,Dinner
844,Fish,46,29-03-25,495,Supermarket,Brownshire,Non-Vegetarian,Dinner
845,Bread,14,20-03-25,718,Restaurant,Port Victoria,Non-Vegetarian,Dinner
846,Salad,34,19-03-25,894,Restaurant,Cannonside,Vegan,Snacks
847,Pasta,29,21-03-25,887,Supermarket,Strongmouth,Vegan,Dinner
848,Dairy,32,25-03-25,426,Catering Service,Taylorchester,Non-Vegetarian,Dinner
849,Pasta,29,21-03-25,563,Grocery Store,East Angela,Vegan,Breakfast
850,Dairy,22,26-03-25,67,Restaurant,Kentland,Vegan,Breakfast
851,Fruits,35,18-03-25,516,Catering Service,New Aaronberg,Non-Vegetarian,Snacks
852,Vegetables,49,20-03-25,363,Catering Service,East Brittanyland,Non-Vegetarian,Snacks
853,Rice,18,27-03-25,841,Restaurant,Lake Tamara,Vegan,Snacks
854,Fish,33,22-03-25,804,Restaurant,North Ashley,Vegan,Breakfast
855,Salad,28,25-03-25,596,Restaurant,Zimmermanville,Vegetarian,Lunch
856,Rice,44,23-03-25,501,Grocery Store,Jordanhaven,Vegetarian,Snacks
857,Pasta,47,17-03-25,97,Supermarket,Reyesshire,Vegetarian,Dinner
858,Fruits,13,22-03-25,413,Catering Service,North Mike,Non-Vegetarian,Snacks
859,Pasta,1,26-03-25,319,Restaurant,Lake Amymouth,Non-Vegetarian,Breakfast
860,Fish,37,17-03-25,934,Grocery Store,Steveport,Vegetarian,Lunch
861,Dairy,45,26-03-25,937,Restaurant,Roachhaven,Non-Vegetarian,Dinner
862,Dairy,4,19-03-25,237,Supermarket,Frederickside,Non-Vegetarian,Lunch
863,Fruits,30,20-03-25,57,Grocery Store,Port Robin,Vegan,Breakfast
864,Soup,11,28-03-25,741,Catering Service,West Anthonymouth,Vegetarian,Snacks
865,Fish,25,20-03-25,837,Supermarket,South Charles,Non-Vegetarian,Snacks
866,Fish,7,29-03-25,169,Grocery Store,Lindseyland,Vegetarian,Dinner
867,Soup,1,21-03-25,870,Supermarket,New Hollyfurt,Vegetarian,Snacks
868,Soup,4,22-03-25,504,Catering Service,Gaineschester,Non-Vegetarian,Snacks
869,Fish,27,20-03-25,40,Restaurant,Jennifertown,Vegan,Snacks
870,Fish,3,30-03-25,653,Catering Service,Cameronside,Vegetarian,Breakfast
871,Chicken,7,16-03-25,875,Grocery Store,South William,Non-Vegetarian,Lunch
872,Vegetables,50,29-03-25,717,Catering Service,Pamelaberg,Vegetarian,Snacks
873,Rice,49,29-03-25,712,Restaurant,Huberstad,Vegan,Lunch
874,Bread,45,17-03-25,655,Restaurant,Jimmyberg,Non-Vegetarian,Snacks
875,Bread,19,29-03-25,721,Catering Service,Port Staceymouth,Non-Vegetarian,Breakfast
876,Salad,38,20-03-25,78,Restaurant,North Susan,Vegan,Snacks
877,Chicken,8,20-03-25,374,Grocery Store,Steeleport,Non-Vegetarian,Lunch
878,Rice,23,29-03-25,17,Catering Service,West Dawn,Non-Vegetarian,Snacks
879,Chicken,21,25-03-25,778,Catering Service,Edwardsbury,Non-Vegetarian,Dinner
880,Soup,35,25-03-25,954,Catering Service,Randallchester,Vegetarian,Lunch
881,Dairy,43,17-03-25,655,Restaurant,Jimmyberg,Vegetarian,Lunch
882,Salad,43,23-03-25,138,Grocery Store,North Sherrimouth,Vegan,Lunch
883,Bread,8,23-03-25,857,Supermarket,Jordanborough,Vegetarian,Lunch
884,Chicken,27,28-03-25,371,Grocery Store,Solisburgh,Vegetarian,Lunch
885,Rice,44,22-03-25,503,Restaurant,Joseville,Vegan,Lunch
886,Bread,48,20-03-25,423,Restaurant,South Justinborough,Vegetarian,Breakfast
887,Soup,12,21-03-25,825,Supermarket,South Bryan,Vegetarian,Lunch
888,Salad,6,25-03-25,50,Catering Service,West Danielborough,Non-Vegetarian,Snacks
889,Soup,21,16-03-25,266,Grocery Store,Port Ronaldshire,Vegan,Snacks
890,Chicken,40,28-03-25,41,Catering Service,Bentleyburgh,Vegan,Lunch
891,Chicken,9,18-03-25,539,Restaurant,Watsonton,Vegetarian,Lunch
892,Bread,42,19-03-25,405,Supermarket,Kevinfort,Vegetarian,Dinner
893,Salad,3,28-03-25,46,Grocery Store,South Lisaberg,Vegan,Lunch
894,Pasta,43,25-03-25,310,Grocery Store,Saraburgh,Vegetarian,Dinner
895,Pasta,38,29-03-25,888,Supermarket,West Sharonview,Vegan,Snacks
896,Vegetables,32,18-03-25,547,Restaurant,Batesstad,Vegetarian,Snacks
897,Chicken,5,20-03-25,638,Restaurant,Jeffreyport,Non-Vegetarian,Lunch
898,Fish,28,27-03-25,87,Grocery Store,West Adam,Non-Vegetarian,Breakfast
899,Pasta,44,29-03-25,5,Grocery Store,Valentineside,Vegetarian,Snacks
900,Dairy,31,29-03-25,732,Supermarket,Ginaview,Non-Vegetarian,Breakfast
901,Vegetables,38,26-03-25,183,Grocery Store,South Anne,Vegetarian,Dinner
902,Salad,34,30-03-25,347,Supermarket,Louismouth,Vegan,Snacks
903,Rice,25,30-03-25,452,Supermarket,New Erica,Vegetarian,Breakfast
904,Chicken,40,22-03-25,709,Restaurant,South Kathryn,Vegetarian,Breakfast
905,Bread,37,25-03-25,2,Grocery Store,East Sheena,Vegan,Dinner
906,Soup,17,30-03-25,191,Grocery Store,Lake Jessicamouth,Vegan,Snacks
907,Chicken,17,16-03-25,175,Catering Service,Katherinefurt,Vegan,Lunch
908,Rice,16,27-03-25,463,Grocery Store,East Edwinburgh,Non-Vegetarian,Snacks
909,Fish,10,28-03-25,831,Catering Service,Lewishaven,Vegan,Snacks
910,Salad,37,19-03-25,533,Catering Service,Rogersmouth,Vegetarian,Breakfast
911,Fish,5,21-03-25,124,Supermarket,Lake Shelby,Vegetarian,Dinner
912,Dairy,6,28-03-25,334,Grocery Store,South Jillshire,Non-Vegetarian,Breakfast
913,Fruits,39,22-03-25,962,Catering Service,Alexanderchester,Vegetarian,Dinner
914,Chicken,18,27-03-25,995,Supermarket,Manningshire,Vegan,Dinner
915,Vegetables,35,22-03-25,198,Restaurant,Port Karen,Non-Vegetarian,Snacks
916,Rice,47,16-03-25,920,Restaurant,New Calebberg,Non-Vegetarian,Snacks
917,Soup,15,28-03-25,393,Restaurant,Heatherview,Vegan,Dinner
918,Dairy,8,29-03-25,583,Catering Service,Marcstad,Vegetarian,Breakfast
919,Soup,35,26-03-25,52,Supermarket,Port Dianaberg,Non-Vegetarian,Dinner
920,Soup,2,19-03-25,691,Restaurant,Youngchester,Vegetarian,Snacks
921,Chicken,6,26-03-25,59,Grocery Store,Marissaville,Vegetarian,Snacks
922,Soup,32,22-03-25,312,Restaurant,North Ianbury,Non-Vegetarian,Dinner
923,Fruits,42,24-03-25,161,Supermarket,Perezport,Vegan,Snacks
924,Fish,3,20-03-25,764,Restaurant,New Travisshire,Vegetarian,Dinner
925,Salad,12,26-03-25,665,Catering Service,West Billborough,Non-Vegetarian,Lunch
926,Rice,41,16-03-25,240,Catering Service,Andreaborough,Vegetarian,Snacks
927,Fruits,39,26-03-25,261,Grocery Store,South Richardhaven,Vegetarian,Snacks
928,Bread,20,20-03-25,852,Grocery Store,East Shanestad,Vegetarian,Breakfast
929,Bread,23,26-03-25,181,Restaurant,Taylormouth,Vegan,Lunch
930,Chicken,33,18-03-25,983,Grocery Store,Herbertbury,Vegan,Lunch
931,Vegetables,49,23-03-25,139,Supermarket,Port Connie,Vegan,Snacks
932,Pasta,11,18-03-25,857,Supermarket,Jordanborough,Vegetarian,Dinner
933,Dairy,17,30-03-25,478,Catering Service,Lake Regina,Non-Vegetarian,Lunch
934,Salad,50,29-03-25,951,Grocery Store,Spenceland,Vegan,Breakfast
935,Vegetables,24,25-03-25,608,Grocery Store,Collinsmouth,Vegetarian,Dinner
936,Chicken,32,30-03-25,381,Supermarket,Martinville,Non-Vegetarian,Breakfast
937,Bread,18,27-03-25,916,Catering Service,Patrickfort,Non-Vegetarian,Lunch
938,Vegetables,7,22-03-25,162,Restaurant,Penabury,Vegan,Breakfast
939,Rice,45,18-03-25,983,Grocery Store,Herbertbury,Non-Vegetarian,Dinner
940,Fish,36,27-03-25,890,Restaurant,Pereztown,Vegan,Lunch
941,Fish,1,16-03-25,745,Grocery Store,East Lisa,Vegan,Lunch
942,Rice,44,30-03-25,591,Grocery Store,New Leslieport,Vegan,Dinner
943,Bread,13,19-03-25,413,Catering Service,North Mike,Vegan,Lunch
944,Vegetables,41,17-03-25,807,Supermarket,Williamland,Vegan,Breakfast
945,Vegetables,16,21-03-25,351,Grocery Store,South Stefanietown,Vegetarian,Breakfast
946,Vegetables,29,26-03-25,146,Supermarket,Jonathanhaven,Vegan,Breakfast
947,Bread,29,19-03-25,176,Restaurant,East John,Vegetarian,Breakfast
948,Fruits,50,29-03-25,421,Supermarket,Kylehaven,Vegan,Breakfast
949,Pasta,15,20-03-25,632,Supermarket,Davidville,Vegetarian,Breakfast
950,Pasta,3,27-03-25,619,Grocery Store,North Katelynland,Vegetarian,Snacks
951,Vegetables,20,16-03-25,118,Supermarket,Lake Joseph,Vegan,Lunch
952,Pasta,32,28-03-25,82,Supermarket,West Lauraborough,Vegan,Dinner
953,Soup,2,29-03-25,731,Grocery Store,East Christophertown,Vegetarian,Breakfast
954,Rice,36,25-03-25,780,Catering Service,North Caitlin,Vegan,Lunch
955,Soup,26,26-03-25,276,Supermarket,Port Eric,Non-Vegetarian,Snacks
956,Chicken,39,30-03-25,626,Supermarket,Heathermouth,Vegan,Snacks
957,Fish,39,22-03-25,10,Catering Service,West Cherylfort,Vegan,Lunch
958,Soup,19,20-03-25,794,Supermarket,Woodport,Vegetarian,Lunch
959,Pasta,26,18-03-25,758,Catering Service,Port Patrick,Vegan,Breakfast
960,Fish,46,27-03-25,920,Restaurant,New Calebberg,Vegetarian,Snacks
961,Soup,22,25-03-25,66,Restaurant,Lake Michaelfurt,Non-Vegetarian,Lunch
962,Soup,13,28-03-25,62,Grocery Store,Marymouth,Vegetarian,Breakfast
963,Fish,33,16-03-25,827,Grocery Store,East Kimberly,Vegan,Dinner
964,Rice,46,25-03-25,192,Catering Service,Leslieville,Vegan,Dinner
965,Dairy,44,24-03-25,791,Grocery Store,West James,Vegetarian,Lunch
966,Dairy,41,25-03-25,705,Grocery Store,East Robert,Vegan,Snacks
967,Fruits,34,16-03-25,357,Supermarket,Donnaborough,Vegan,Snacks
968,Rice,45,17-03-25,789,Grocery Store,Lake Maria,Non-Vegetarian,Lunch
969,Soup,50,21-03-25,208,Restaurant,East Garyton,Non-Vegetarian,Lunch
970,Fruits,26,20-03-25,62,Grocery Store,Marymouth,Vegetarian,Breakfast
971,Fish,7,18-03-25,751,Restaurant,East Richardside,Vegetarian,Snacks
972,Vegetables,21,23-03-25,984,Catering Service,South Edwardtown,Vegetarian,Dinner
973,Fruits,7,16-03-25,519,Restaurant,Keithburgh,Non-Vegetarian,Breakfast
974,Chicken,45,17-03-25,393,Restaurant,Heatherview,Non-Vegetarian,Lunch
975,Fish,48,19-03-25,5,Grocery Store,Valentineside,Non-Vegetarian,Lunch
976,Vegetables,41,19-03-25,738,Grocery Store,West Kelli,Non-Vegetarian,Lunch
977,Vegetables,12,19-03-25,514,Supermarket,Maxwellburgh,Vegan,Dinner
978,Dairy,14,27-03-25,743,Supermarket,South Richard,Vegetarian,Snacks
979,Pasta,43,16-03-25,584,Supermarket,Moralesside,Vegetarian,Lunch
980,Chicken,2,27-03-25,876,Grocery Store,Brookeland,Vegan,Dinner
981,Dairy,47,18-03-25,999,Grocery Store,Stevenchester,Vegan,Breakfast
982,Soup,36,19-03-25,7,Restaurant,Lake Christopherburgh,Vegetarian,Breakfast
983,Fruits,43,22-03-25,98,Supermarket,Gardnerfort,Vegetarian,Lunch
984,Chicken,26,23-03-25,234,Catering Service,New Joel,Non-Vegetarian,Dinner
985,Bread,31,16-03-25,935,Grocery Store,Ramseyfort,Vegetarian,Dinner
986,Rice,23,24-03-25,14,Catering Service,Garciamouth,Vegan,Snacks
987,Dairy,6,29-03-25,557,Restaurant,East Aaron,Vegetarian,Dinner
988,Soup,44,24-03-25,517,Grocery Store,Wadeville,Vegan,Lunch
989,Bread,31,19-03-25,557,Restaurant,East Aaron,Non-Vegetarian,Snacks
990,Pasta,11,25-03-25,720,Restaurant,Francisshire,Vegetarian,Breakfast
991,Vegetables,7,19-03-25,432,Restaurant,Carolchester,Vegetarian,Dinner
992,Salad,25,26-03-25,257,Supermarket,Lake Coryhaven,Vegan,Breakfast
993,Soup,8,28-03-25,470,Restaurant,Port Daniellechester,Vegetarian,Lunch
994,Salad,17,29-03-25,37,Catering Service,New Amanda,Non-Vegetarian,Snacks
995,Rice,37,23-03-25,868,Grocery Store,Rodriguezview,Vegan,Snacks
996,Fish,15,30-03-25,467,Catering Service,Phillipsfort,Vegan,Breakfast
997,Fish,22,18-03-25,35,Grocery Store,Andersonmouth,Vegetarian,Breakfast
998,Fruits,6,22-03-25,444,Restaurant,New Billy,Non-Vegetarian,Dinner
999,Pasta,15,30-03-25,702,Supermarket,Lake Mistyton,Non-Vegetarian,Lunch
1000,Salad,18,19-03-25,155,Supermarket,Charlesview,Non-Vegetarian,Dinner
